id,session,timestamp,url,outfile,shasum
1,f983d161bff5,2022-11-16T15:14:24.009704Z,http://147.231.19.62/.x/1sh,NULL,NULL
2,f983d161bff5,2022-11-16T15:14:24.101200Z,http://147.231.19.62/.x/1sh,NULL,NULL
3,f983d161bff5,2022-11-16T15:14:24.421181Z,http://147.231.19.62/.x/2sh,NULL,NULL
4,f983d161bff5,2022-11-16T15:14:24.715284Z,http://147.231.19.62/.x/2sh,NULL,NULL
5,f983d161bff5,2022-11-16T15:14:24.917126Z,http://147.231.19.62/.x/3sh,NULL,NULL
6,052385f8e8a7,2022-11-16T21:32:08.120262Z,http://147.231.19.62/.x/1sh,NULL,NULL
7,052385f8e8a7,2022-11-16T21:32:10.355783Z,http://147.231.19.62/.x/1sh,NULL,NULL
8,052385f8e8a7,2022-11-16T21:32:12.000775Z,http://147.231.19.62/.x/2sh,NULL,NULL
9,052385f8e8a7,2022-11-16T21:32:12.923543Z,http://147.231.19.62/.x/2sh,NULL,NULL
10,052385f8e8a7,2022-11-16T21:32:14.136297Z,http://147.231.19.62/.x/3sh,NULL,NULL
11,999275e495a7,2022-11-17T09:33:28.171849Z,http://80.94.92.49/d,NULL,NULL
12,2802296328de,2022-11-17T10:24:05.419942Z,http://80.94.92.49/d,NULL,NULL
13,251623e6a5b1,2022-11-17T23:40:10.875130Z,http://109.239.48.81/ok.sh,NULL,NULL
14,251623e6a5b1,2022-11-17T23:40:10.904996Z,http://109.239.48.81/ok.sh,NULL,NULL
15,d533446bb5a0,2022-11-17T23:40:22.179737Z,http://109.239.48.81/ok.sh,NULL,NULL
16,d533446bb5a0,2022-11-17T23:40:22.209044Z,http://109.239.48.81/ok.sh,NULL,NULL
17,f521323e329c,2022-11-17T23:40:33.512217Z,http://109.239.48.81/ok.sh,NULL,NULL
18,f521323e329c,2022-11-17T23:40:33.480168Z,http://109.239.48.81/ok.sh,NULL,NULL
19,7b6757f726f2,2022-11-17T23:44:09.251827Z,http://109.239.48.81/ok.sh,NULL,NULL
20,7b6757f726f2,2022-11-17T23:44:09.281443Z,http://109.239.48.81/ok.sh,NULL,NULL
21,120903b9d642,2022-11-17T23:44:43.776272Z,http://109.239.48.81/ok.sh,NULL,NULL
22,120903b9d642,2022-11-17T23:44:43.804959Z,http://109.239.48.81/ok.sh,NULL,NULL
23,604f76627d2a,2022-11-17T23:44:55.239388Z,http://109.239.48.81/ok.sh,NULL,NULL
24,604f76627d2a,2022-11-17T23:44:55.268908Z,http://109.239.48.81/ok.sh,NULL,NULL
25,2ab87cad7109,2022-11-17T23:45:41.569302Z,http://109.239.48.81/ok.sh,NULL,NULL
26,2ab87cad7109,2022-11-17T23:45:41.598305Z,http://109.239.48.81/ok.sh,NULL,NULL
27,c0e10104ed2d,2022-11-17T23:45:52.513300Z,http://109.239.48.81/ok.sh,NULL,NULL
28,c0e10104ed2d,2022-11-17T23:45:52.546546Z,http://109.239.48.81/ok.sh,NULL,NULL
29,13c66a2b5872,2022-11-17T23:46:03.505705Z,http://109.239.48.81/ok.sh,NULL,NULL
30,13c66a2b5872,2022-11-17T23:46:03.536736Z,http://109.239.48.81/ok.sh,NULL,NULL
31,74c46b5b8039,2022-11-17T23:46:25.653053Z,http://109.239.48.81/ok.sh,NULL,NULL
32,74c46b5b8039,2022-11-17T23:46:25.686086Z,http://109.239.48.81/ok.sh,NULL,NULL
33,f2778e675aee,2022-11-17T23:46:58.777717Z,http://109.239.48.81/ok.sh,NULL,NULL
34,f2778e675aee,2022-11-17T23:46:58.809465Z,http://109.239.48.81/ok.sh,NULL,NULL
35,1ff1050c1489,2022-11-17T23:47:09.870492Z,http://109.239.48.81/ok.sh,NULL,NULL
36,1ff1050c1489,2022-11-17T23:47:09.902503Z,http://109.239.48.81/ok.sh,NULL,NULL
37,74e1a8272f65,2022-11-17T23:47:32.171371Z,http://109.239.48.81/ok.sh,NULL,NULL
38,74e1a8272f65,2022-11-17T23:47:32.201933Z,http://109.239.48.81/ok.sh,NULL,NULL
39,948a1b502068,2022-11-17T23:47:43.165978Z,http://109.239.48.81/ok.sh,NULL,NULL
40,948a1b502068,2022-11-17T23:47:43.197737Z,http://109.239.48.81/ok.sh,NULL,NULL
41,5acfb0ed523f,2022-11-17T23:47:54.467057Z,http://109.239.48.81/ok.sh,NULL,NULL
42,5acfb0ed523f,2022-11-17T23:47:54.497179Z,http://109.239.48.81/ok.sh,NULL,NULL
43,2d8bd7e538be,2022-11-17T23:49:01.747567Z,http://109.239.48.81/ok.sh,NULL,NULL
44,2d8bd7e538be,2022-11-17T23:49:01.781400Z,http://109.239.48.81/ok.sh,NULL,NULL
45,3d101298366e,2022-11-17T23:49:12.879834Z,http://109.239.48.81/ok.sh,NULL,NULL
46,3d101298366e,2022-11-17T23:49:12.848457Z,http://109.239.48.81/ok.sh,NULL,NULL
47,cc2e41b67e77,2022-11-17T23:49:24.078969Z,http://109.239.48.81/ok.sh,NULL,NULL
48,cc2e41b67e77,2022-11-17T23:49:24.108240Z,http://109.239.48.81/ok.sh,NULL,NULL
49,c094f917043f,2022-11-17T23:50:08.899030Z,http://109.239.48.81/ok.sh,NULL,NULL
50,c094f917043f,2022-11-17T23:50:08.930562Z,http://109.239.48.81/ok.sh,NULL,NULL
51,f01927b71557,2022-11-17T23:50:42.472618Z,http://109.239.48.81/ok.sh,NULL,NULL
52,f01927b71557,2022-11-17T23:50:42.502515Z,http://109.239.48.81/ok.sh,NULL,NULL
53,834279808203,2022-11-17T23:50:53.850350Z,http://109.239.48.81/ok.sh,NULL,NULL
54,834279808203,2022-11-17T23:50:53.880496Z,http://109.239.48.81/ok.sh,NULL,NULL
55,5afbe1daaa75,2022-11-17T23:51:04.955750Z,http://109.239.48.81/ok.sh,NULL,NULL
56,5afbe1daaa75,2022-11-17T23:51:04.983809Z,http://109.239.48.81/ok.sh,NULL,NULL
57,249b34377684,2022-11-17T23:51:39.021904Z,http://109.239.48.81/ok.sh,NULL,NULL
58,249b34377684,2022-11-17T23:51:39.051435Z,http://109.239.48.81/ok.sh,NULL,NULL
59,5e5b68c33c19,2022-11-17T23:52:02.052484Z,http://109.239.48.81/ok.sh,NULL,NULL
60,5e5b68c33c19,2022-11-17T23:52:02.084010Z,http://109.239.48.81/ok.sh,NULL,NULL
61,681c52df60f4,2022-11-17T23:52:36.850076Z,http://109.239.48.81/ok.sh,NULL,NULL
62,681c52df60f4,2022-11-17T23:52:36.879165Z,http://109.239.48.81/ok.sh,NULL,NULL
63,9b99fa978e0b,2022-11-17T23:52:59.743090Z,http://109.239.48.81/ok.sh,NULL,NULL
64,9b99fa978e0b,2022-11-17T23:52:59.773347Z,http://109.239.48.81/ok.sh,NULL,NULL
65,21a41c9c6bd4,2022-11-17T23:53:10.899354Z,http://109.239.48.81/ok.sh,NULL,NULL
66,21a41c9c6bd4,2022-11-17T23:53:10.928611Z,http://109.239.48.81/ok.sh,NULL,NULL
67,855be3bbffc0,2022-11-17T23:53:22.262533Z,http://109.239.48.81/ok.sh,NULL,NULL
68,855be3bbffc0,2022-11-17T23:53:22.291566Z,http://109.239.48.81/ok.sh,NULL,NULL
69,9534c9b38cd3,2022-11-17T23:53:33.668227Z,http://109.239.48.81/ok.sh,NULL,NULL
70,9534c9b38cd3,2022-11-17T23:53:33.697301Z,http://109.239.48.81/ok.sh,NULL,NULL
71,de03cbafee32,2022-11-17T23:54:07.911253Z,http://109.239.48.81/ok.sh,NULL,NULL
72,de03cbafee32,2022-11-17T23:54:07.943550Z,http://109.239.48.81/ok.sh,NULL,NULL
73,428d713583de,2022-11-17T23:55:52.663974Z,http://109.239.48.81/ok.sh,NULL,NULL
74,428d713583de,2022-11-17T23:55:52.693621Z,http://109.239.48.81/ok.sh,NULL,NULL
75,a91cae6ebeb1,2022-11-17T23:56:03.942923Z,http://109.239.48.81/ok.sh,NULL,NULL
76,a91cae6ebeb1,2022-11-17T23:56:03.973347Z,http://109.239.48.81/ok.sh,NULL,NULL
77,5ad9389f3fda,2022-11-17T23:56:15.907140Z,http://109.239.48.81/ok.sh,NULL,NULL
78,5ad9389f3fda,2022-11-17T23:56:15.938998Z,http://109.239.48.81/ok.sh,NULL,NULL
79,4a56ee6f91a1,2022-11-17T23:56:27.614359Z,http://109.239.48.81/ok.sh,NULL,NULL
80,4a56ee6f91a1,2022-11-17T23:56:27.644639Z,http://109.239.48.81/ok.sh,NULL,NULL
81,2d788ce48fd2,2022-11-17T23:56:39.496599Z,http://109.239.48.81/ok.sh,NULL,NULL
82,2d788ce48fd2,2022-11-17T23:56:39.526447Z,http://109.239.48.81/ok.sh,NULL,NULL
83,7b7c1c38fa94,2022-11-19T13:54:08.922327Z,http://147.231.19.62/.x/1sh,NULL,NULL
84,7b7c1c38fa94,2022-11-19T13:54:09.654474Z,http://147.231.19.62/.x/1sh,NULL,NULL
85,7b7c1c38fa94,2022-11-19T13:54:10.426811Z,http://147.231.19.62/.x/2sh,NULL,NULL
86,7b7c1c38fa94,2022-11-19T13:54:11.203402Z,http://147.231.19.62/.x/2sh,NULL,NULL
87,7b7c1c38fa94,2022-11-19T13:54:11.985443Z,http://147.231.19.62/.x/3sh,NULL,NULL
88,78a9c59b372f,2022-11-19T21:08:46.013764Z,http://147.231.19.62/.x/1sh,NULL,NULL
89,78a9c59b372f,2022-11-19T21:08:46.403630Z,http://147.231.19.62/.x/1sh,NULL,NULL
90,78a9c59b372f,2022-11-19T21:08:46.840046Z,http://147.231.19.62/.x/2sh,NULL,NULL
91,78a9c59b372f,2022-11-19T21:08:47.281494Z,http://147.231.19.62/.x/2sh,NULL,NULL
92,78a9c59b372f,2022-11-19T21:08:47.702487Z,http://147.231.19.62/.x/3sh,NULL,NULL
93,adeacd6340c5,2022-11-21T05:53:19.964192Z,http://185.237.15.90/ok.sh,NULL,NULL
94,adeacd6340c5,2022-11-21T05:53:29.967849Z,http://185.237.15.90/ok.sh,NULL,NULL
95,94d39fae768e,2022-11-21T05:54:07.990447Z,http://185.237.15.90/ok.sh,NULL,NULL
96,94d39fae768e,2022-11-21T05:54:17.993891Z,http://185.237.15.90/ok.sh,NULL,NULL
97,1d7630fd1282,2022-11-21T05:54:55.340290Z,http://185.237.15.90/ok.sh,NULL,NULL
98,cb31054ac20d,2022-11-21T05:55:04.441844Z,http://185.237.15.90/ok.sh,NULL,NULL
99,1d7630fd1282,2022-11-21T05:55:05.344317Z,http://185.237.15.90/ok.sh,NULL,NULL
100,cb31054ac20d,2022-11-21T05:55:14.445051Z,http://185.237.15.90/ok.sh,NULL,NULL
101,740d9ad9cf47,2022-11-21T05:55:14.540097Z,http://185.237.15.90/ok.sh,NULL,NULL
102,740d9ad9cf47,2022-11-21T05:55:24.544518Z,http://185.237.15.90/ok.sh,NULL,NULL
103,69f85e8a0b15,2022-11-21T05:56:21.761428Z,http://185.237.15.90/ok.sh,NULL,NULL
104,69f85e8a0b15,2022-11-21T05:56:31.765311Z,http://185.237.15.90/ok.sh,NULL,NULL
105,9e189e559ebb,2022-11-21T05:57:25.246362Z,http://185.237.15.90/ok.sh,NULL,NULL
106,66edb8336339,2022-11-21T05:57:35.115823Z,http://185.237.15.90/ok.sh,NULL,NULL
107,9e189e559ebb,2022-11-21T05:57:35.250461Z,http://185.237.15.90/ok.sh,NULL,NULL
108,8c5158ca2b3d,2022-11-21T05:57:44.068649Z,http://185.237.15.90/ok.sh,NULL,NULL
109,66edb8336339,2022-11-21T05:57:45.120463Z,http://185.237.15.90/ok.sh,NULL,NULL
110,8c5158ca2b3d,2022-11-21T05:57:54.072475Z,http://185.237.15.90/ok.sh,NULL,NULL
111,460b8609d032,2022-11-21T05:58:21.346405Z,http://185.237.15.90/ok.sh,NULL,NULL
112,a77482a1b1b9,2022-11-23T20:39:24.523458Z,http://5.161.51.216/bot,NULL,NULL
113,40896c08b1b1,2022-11-23T20:40:12.037805Z,http://5.161.51.216/bot,NULL,NULL
