id,session,timestamp,dst_ip,dst_port
1,19f4c9b2f43e,2022-11-16T03:30:24.476840Z,google.com,80
2,88d674bc47ca,2022-11-16T08:10:03.858838Z,142.250.74.78,80
3,88d674bc47ca,2022-11-16T08:10:04.015295Z,2a00:1450:400f:802::200e,80
4,88d674bc47ca,2022-11-16T08:10:04.171353Z,74.6.143.25,80
5,88d674bc47ca,2022-11-16T08:10:04.327221Z,2001:4998:44:3507::8000,80
6,88d674bc47ca,2022-11-16T08:10:04.487301Z,77.88.55.77,80
7,88d674bc47ca,2022-11-16T08:10:04.643301Z,2001:4998:44:3507::8001,80
8,071f19334ef9,2022-11-16T08:34:59.228395Z,216.58.211.14,80
9,071f19334ef9,2022-11-16T08:34:59.394854Z,2a00:1450:400f:80d::200e,80
10,071f19334ef9,2022-11-16T08:34:59.562954Z,98.137.11.164,80
11,071f19334ef9,2022-11-16T08:34:59.730723Z,2001:4998:24:120d::1:0,80
12,071f19334ef9,2022-11-16T08:34:59.898925Z,98.137.11.163,80
13,071f19334ef9,2022-11-16T08:35:00.067105Z,2001:4998:24:120d::1:0,80
14,9f2be65f35fd,2022-11-16T09:38:18.968635Z,142.250.74.78,80
15,9f2be65f35fd,2022-11-16T09:38:19.127362Z,2a00:1450:400f:802::200e,80
16,9f2be65f35fd,2022-11-16T09:38:19.283534Z,98.137.11.163,80
17,9f2be65f35fd,2022-11-16T09:38:19.440231Z,2001:4998:124:1507::f000,80
18,9f2be65f35fd,2022-11-16T09:38:19.599353Z,74.6.143.25,80
19,9f2be65f35fd,2022-11-16T09:38:19.755617Z,2001:4998:124:1507::f001,80
20,037a12f1bc34,2022-11-16T13:52:28.001598Z,142.250.74.78,80
21,037a12f1bc34,2022-11-16T13:52:28.157969Z,2a00:1450:400f:802::200e,80
22,037a12f1bc34,2022-11-16T13:52:28.311008Z,98.137.11.164,80
23,037a12f1bc34,2022-11-16T13:52:28.466507Z,2001:4998:124:1507::f001,80
24,037a12f1bc34,2022-11-16T13:52:28.620676Z,142.250.74.78,80
25,037a12f1bc34,2022-11-16T13:52:28.774287Z,2001:4998:44:3507::8001,80
26,ce616e48acfa,2022-11-16T14:09:47.219799Z,216.58.211.14,80
27,ce616e48acfa,2022-11-16T14:09:47.391028Z,2a00:1450:400f:80d::200e,80
28,ce616e48acfa,2022-11-16T14:09:47.559599Z,216.58.211.14,80
29,ce616e48acfa,2022-11-16T14:09:47.731277Z,2001:4998:44:3507::8000,80
30,ce616e48acfa,2022-11-16T14:09:47.899060Z,5.255.255.80,80
31,ce616e48acfa,2022-11-16T14:09:48.067433Z,2001:4998:124:1507::f000,80
32,5a93cdb5619b,2022-11-16T16:16:33.650128Z,216.58.211.14,80
33,5a93cdb5619b,2022-11-16T16:16:33.818707Z,2a00:1450:400f:80d::200e,80
34,5a93cdb5619b,2022-11-16T16:16:33.986424Z,74.6.143.25,80
35,5a93cdb5619b,2022-11-16T16:16:34.155243Z,2001:4998:124:1507::f001,80
36,5a93cdb5619b,2022-11-16T16:16:34.325019Z,74.6.231.21,80
37,5a93cdb5619b,2022-11-16T16:16:34.490625Z,2001:4998:124:1507::f001,80
38,0c0a4ca26746,2022-11-16T17:52:08.231667Z,142.250.74.78,80
39,0c0a4ca26746,2022-11-16T17:52:08.387391Z,2a00:1450:400f:802::200e,80
40,0c0a4ca26746,2022-11-16T17:52:08.547506Z,74.6.143.26,80
41,0c0a4ca26746,2022-11-16T17:52:08.703121Z,2001:4998:124:1507::f000,80
42,0c0a4ca26746,2022-11-16T17:52:08.859271Z,74.6.231.21,80
43,0c0a4ca26746,2022-11-16T17:52:09.045294Z,2001:4998:24:120d::1:0,80
44,66167d1e155b,2022-11-16T20:42:11.982106Z,216.58.211.14,80
45,66167d1e155b,2022-11-16T20:42:12.150645Z,2a00:1450:400f:80d::200e,80
46,66167d1e155b,2022-11-16T20:42:12.318860Z,74.6.231.21,80
47,66167d1e155b,2022-11-16T20:42:12.486440Z,2a00:1450:400f:80d::200e,80
48,66167d1e155b,2022-11-16T20:42:12.654898Z,74.6.231.21,80
49,66167d1e155b,2022-11-16T20:42:12.822523Z,2a00:1450:400f:80d::200e,80
50,37139e3f9109,2022-11-16T23:24:48.372439Z,142.250.74.78,80
51,37139e3f9109,2022-11-16T23:24:48.532069Z,2a00:1450:400f:802::200e,80
52,37139e3f9109,2022-11-16T23:24:48.691420Z,74.6.143.25,80
53,37139e3f9109,2022-11-16T23:24:48.851600Z,2001:4998:24:120d::1:0,80
54,37139e3f9109,2022-11-16T23:24:49.007628Z,74.6.231.21,80
55,37139e3f9109,2022-11-16T23:24:49.163360Z,2a00:1450:400f:802::200e,80
56,326c8b5ae07e,2022-11-17T02:26:21.756763Z,142.250.74.78,80
57,326c8b5ae07e,2022-11-17T02:26:21.910496Z,2a00:1450:400f:802::200e,80
58,326c8b5ae07e,2022-11-17T02:26:22.066659Z,98.137.11.163,80
59,326c8b5ae07e,2022-11-17T02:26:22.222331Z,2001:4998:124:1507::f000,80
60,326c8b5ae07e,2022-11-17T02:26:22.378734Z,5.255.255.77,80
61,326c8b5ae07e,2022-11-17T02:26:22.535227Z,2001:4998:24:120d::1:0,80
62,12b72461d8ee,2022-11-17T04:27:25.800475Z,216.58.211.14,80
63,12b72461d8ee,2022-11-17T04:27:25.970374Z,2a00:1450:400f:80d::200e,80
64,12b72461d8ee,2022-11-17T04:27:26.139885Z,74.6.143.25,80
65,12b72461d8ee,2022-11-17T04:27:26.306126Z,2001:4998:24:120d::1:1,80
66,12b72461d8ee,2022-11-17T04:27:26.475943Z,77.88.55.70,80
67,12b72461d8ee,2022-11-17T04:27:26.642313Z,2001:4998:44:3507::8000,80
68,411cfe9dd287,2022-11-17T07:53:50.813670Z,216.58.211.14,80
69,411cfe9dd287,2022-11-17T07:53:50.982272Z,2a00:1450:400f:80d::200e,80
70,411cfe9dd287,2022-11-17T07:53:51.146237Z,74.6.231.20,80
71,411cfe9dd287,2022-11-17T07:53:51.310409Z,2001:4998:124:1507::f000,80
72,411cfe9dd287,2022-11-17T07:53:51.479182Z,74.6.231.21,80
73,411cfe9dd287,2022-11-17T07:53:51.647094Z,2001:4998:124:1507::f001,80
74,7ea24e223c14,2022-11-17T08:38:10.201278Z,speedtest.tele2.net,80
75,37a716127f48,2022-11-17T08:42:09.698880Z,142.250.74.78,80
76,37a716127f48,2022-11-17T08:42:09.854603Z,2a00:1450:400f:802::200e,80
77,37a716127f48,2022-11-17T08:42:10.014370Z,98.137.11.164,80
78,37a716127f48,2022-11-17T08:42:10.170807Z,2001:4998:124:1507::f000,80
79,37a716127f48,2022-11-17T08:42:10.326868Z,5.255.255.70,80
80,37a716127f48,2022-11-17T08:42:10.482553Z,2001:4998:124:1507::f000,80
81,f3b0ff306c8c,2022-11-17T09:44:37.268019Z,216.58.211.14,80
82,f3b0ff306c8c,2022-11-17T09:44:37.435186Z,2a00:1450:400f:80d::200e,80
83,f3b0ff306c8c,2022-11-17T09:44:37.602890Z,98.137.11.163,80
84,f3b0ff306c8c,2022-11-17T09:44:37.771045Z,2001:4998:24:120d::1:0,80
85,f3b0ff306c8c,2022-11-17T09:44:37.939020Z,98.137.11.163,80
86,f3b0ff306c8c,2022-11-17T09:44:38.106749Z,2001:4998:124:1507::f001,80
87,e6bd26e8da0b,2022-11-17T14:00:57.611954Z,142.250.74.78,80
88,e6bd26e8da0b,2022-11-17T14:00:57.771102Z,2a00:1450:400f:802::200e,80
89,e6bd26e8da0b,2022-11-17T14:00:57.927171Z,98.137.11.164,80
90,e6bd26e8da0b,2022-11-17T14:00:58.083244Z,2001:4998:124:1507::f000,80
91,e6bd26e8da0b,2022-11-17T14:00:58.239370Z,98.137.11.163,80
92,e6bd26e8da0b,2022-11-17T14:00:58.395149Z,2001:4998:24:120d::1:0,80
93,0147b1b08f29,2022-11-17T15:02:25.712082Z,216.58.211.14,80
94,0147b1b08f29,2022-11-17T15:02:25.878975Z,2a00:1450:400f:80d::200e,80
95,0147b1b08f29,2022-11-17T15:02:26.046669Z,74.6.143.25,80
96,0147b1b08f29,2022-11-17T15:02:26.214918Z,2a00:1450:400f:80d::200e,80
97,0147b1b08f29,2022-11-17T15:02:26.382640Z,74.6.231.20,80
98,0147b1b08f29,2022-11-17T15:02:26.550859Z,2a02:6b8:a::a,80
99,96a4f25f8875,2022-11-17T16:06:30.162949Z,172.217.10.206,80
100,4ddd64190e42,2022-11-17T17:05:15.485284Z,142.250.74.78,80
101,4ddd64190e42,2022-11-17T17:05:15.638129Z,2a00:1450:400f:802::200e,80
102,4ddd64190e42,2022-11-17T17:05:15.790200Z,74.6.143.26,80
103,4ddd64190e42,2022-11-17T17:05:15.946726Z,2a00:1450:400f:802::200e,80
104,4ddd64190e42,2022-11-17T17:05:16.102209Z,77.88.55.60,80
105,4ddd64190e42,2022-11-17T17:05:16.258363Z,2001:4998:44:3507::8001,80
106,115c9d39fa52,2022-11-17T19:36:57.746403Z,216.58.211.14,80
107,115c9d39fa52,2022-11-17T19:36:57.917065Z,2a00:1450:400f:80d::200e,80
108,115c9d39fa52,2022-11-17T19:36:58.087956Z,216.58.211.14,80
109,115c9d39fa52,2022-11-17T19:36:58.259632Z,2a00:1450:400f:80d::200e,80
110,115c9d39fa52,2022-11-17T19:36:58.428284Z,74.6.143.25,80
111,115c9d39fa52,2022-11-17T19:36:58.599986Z,2a02:6b8:a::a,80
112,5de08faae074,2022-11-17T22:52:57.639470Z,142.250.74.78,80
113,5de08faae074,2022-11-17T22:52:57.793985Z,2a00:1450:400f:802::200e,80
114,5de08faae074,2022-11-17T22:52:57.951181Z,74.6.143.25,80
115,5de08faae074,2022-11-17T22:52:58.106777Z,2001:4998:24:120d::1:0,80
116,5de08faae074,2022-11-17T22:52:58.263012Z,74.6.143.25,80
117,5de08faae074,2022-11-17T22:52:58.419018Z,2001:4998:24:120d::1:0,80
118,577d9c8ddd30,2022-11-18T01:59:56.112334Z,216.58.211.14,80
119,577d9c8ddd30,2022-11-18T01:59:56.283648Z,2a00:1450:400f:80d::200e,80
120,577d9c8ddd30,2022-11-18T01:59:56.455417Z,74.6.231.21,80
121,577d9c8ddd30,2022-11-18T01:59:56.624150Z,2a00:1450:400f:80d::200e,80
122,577d9c8ddd30,2022-11-18T01:59:56.791331Z,5.255.255.88,80
123,577d9c8ddd30,2022-11-18T01:59:56.960133Z,2a02:6b8:a::a,80
124,7d4476c84752,2022-11-18T02:22:20.195736Z,142.250.74.78,80
125,7d4476c84752,2022-11-18T02:22:20.355707Z,2a00:1450:400f:802::200e,80
126,7d4476c84752,2022-11-18T02:22:20.511388Z,74.6.231.21,80
127,7d4476c84752,2022-11-18T02:22:20.671604Z,2001:4998:44:3507::8000,80
128,7d4476c84752,2022-11-18T02:22:20.831636Z,74.6.143.25,80
129,7d4476c84752,2022-11-18T02:22:20.992647Z,2001:4998:124:1507::f001,80
130,9717399b0789,2022-11-18T04:52:20.296735Z,216.58.211.14,80
131,9717399b0789,2022-11-18T04:52:20.466828Z,2a00:1450:400f:80d::200e,80
132,9717399b0789,2022-11-18T04:52:20.635678Z,216.58.211.14,80
133,9717399b0789,2022-11-18T04:52:20.802871Z,2001:4998:124:1507::f000,80
134,9717399b0789,2022-11-18T04:52:20.970894Z,74.6.143.25,80
135,9717399b0789,2022-11-18T04:52:21.139461Z,2a02:6b8:a::a,80
136,6dbcde950836,2022-11-18T10:32:35.390575Z,142.250.74.78,80
137,6dbcde950836,2022-11-18T10:32:35.546659Z,2a00:1450:400f:802::200e,80
138,6dbcde950836,2022-11-18T10:32:35.702298Z,74.6.143.25,80
139,6dbcde950836,2022-11-18T10:32:35.858531Z,2001:4998:24:120d::1:0,80
140,6dbcde950836,2022-11-18T10:32:36.014832Z,5.255.255.80,80
141,6dbcde950836,2022-11-18T10:32:36.170617Z,2001:4998:24:120d::1:0,80
142,72338cb962a5,2022-11-18T11:28:09.892399Z,216.58.211.14,80
143,72338cb962a5,2022-11-18T11:28:10.058800Z,2a00:1450:400f:80d::200e,80
144,72338cb962a5,2022-11-18T11:28:10.226812Z,74.6.143.26,80
145,72338cb962a5,2022-11-18T11:28:10.394842Z,2001:4998:124:1507::f001,80
146,72338cb962a5,2022-11-18T11:28:10.563334Z,5.255.255.80,80
147,72338cb962a5,2022-11-18T11:28:10.730852Z,2001:4998:44:3507::8001,80
148,821af6b95dc6,2022-11-18T12:01:20.239943Z,142.250.74.78,80
149,821af6b95dc6,2022-11-18T12:01:20.394528Z,2a00:1450:400f:802::200e,80
150,821af6b95dc6,2022-11-18T12:01:20.550120Z,74.6.143.25,80
151,821af6b95dc6,2022-11-18T12:01:20.707860Z,2001:4998:24:120d::1:1,80
152,821af6b95dc6,2022-11-18T12:01:20.862418Z,74.6.231.21,80
153,821af6b95dc6,2022-11-18T12:01:21.017964Z,2001:4998:24:120d::1:1,80
154,2b6c30fe2f51,2022-11-18T12:18:37.323504Z,142.250.74.78,80
155,2b6c30fe2f51,2022-11-18T12:18:37.478340Z,2a00:1450:400f:802::200e,80
156,2b6c30fe2f51,2022-11-18T12:18:37.634242Z,74.6.143.26,80
157,2b6c30fe2f51,2022-11-18T12:18:37.786494Z,2001:4998:44:3507::8000,80
158,2b6c30fe2f51,2022-11-18T12:18:37.942434Z,98.137.11.163,80
159,2b6c30fe2f51,2022-11-18T12:18:38.098584Z,2001:4998:44:3507::8001,80
160,83152e19fc82,2022-11-18T12:36:00.360715Z,216.58.211.14,80
161,83152e19fc82,2022-11-18T12:36:00.526193Z,2a00:1450:400f:80d::200e,80
162,83152e19fc82,2022-11-18T12:36:00.694818Z,74.6.143.25,80
163,83152e19fc82,2022-11-18T12:36:00.862897Z,2a00:1450:400f:80d::200e,80
164,83152e19fc82,2022-11-18T12:36:01.030749Z,77.88.55.66,80
165,83152e19fc82,2022-11-18T12:36:01.200142Z,2a00:1450:400f:80d::200e,80
166,21d3b192bc9f,2022-11-18T12:37:25.614752Z,216.58.211.14,80
167,21d3b192bc9f,2022-11-18T12:37:25.783103Z,2a00:1450:400f:80d::200e,80
168,21d3b192bc9f,2022-11-18T12:37:25.950825Z,74.6.143.25,80
169,21d3b192bc9f,2022-11-18T12:37:26.119083Z,2001:4998:44:3507::8001,80
170,21d3b192bc9f,2022-11-18T12:37:26.286774Z,5.255.255.55,80
171,21d3b192bc9f,2022-11-18T12:37:26.454955Z,2001:4998:124:1507::f001,80
172,7127feab71a2,2022-11-18T13:24:28.757261Z,speedtest.tele2.net,80
173,298cca6d8d06,2022-11-18T17:05:52.734514Z,142.250.74.78,80
174,298cca6d8d06,2022-11-18T17:05:52.890428Z,2a00:1450:400f:802::200e,80
175,298cca6d8d06,2022-11-18T17:05:53.046220Z,98.137.11.164,80
176,298cca6d8d06,2022-11-18T17:05:53.202695Z,2001:4998:124:1507::f001,80
177,298cca6d8d06,2022-11-18T17:05:53.359078Z,74.6.231.20,80
178,298cca6d8d06,2022-11-18T17:05:53.514627Z,2001:4998:124:1507::f000,80
179,5c9b5501da68,2022-11-18T17:17:14.565706Z,142.250.74.78,80
180,5c9b5501da68,2022-11-18T17:17:14.723865Z,2a00:1450:400f:802::200e,80
181,5c9b5501da68,2022-11-18T17:17:14.879135Z,98.137.11.163,80
182,5c9b5501da68,2022-11-18T17:17:15.040010Z,2001:4998:124:1507::f001,80
183,5c9b5501da68,2022-11-18T17:17:15.199360Z,77.88.55.66,80
184,5c9b5501da68,2022-11-18T17:17:15.355376Z,2a00:1450:400f:802::200e,80
185,241b323b8307,2022-11-18T18:02:16.069591Z,216.58.211.14,80
186,241b323b8307,2022-11-18T18:02:16.235537Z,2a00:1450:400f:80d::200e,80
187,241b323b8307,2022-11-18T18:02:16.414164Z,98.137.11.163,80
188,241b323b8307,2022-11-18T18:02:16.593459Z,2001:4998:24:120d::1:1,80
189,241b323b8307,2022-11-18T18:02:16.773577Z,77.88.55.66,80
190,241b323b8307,2022-11-18T18:02:16.951364Z,2001:4998:44:3507::8001,80
191,56aeb2ec9b0a,2022-11-18T20:32:42.627111Z,216.58.211.14,80
192,56aeb2ec9b0a,2022-11-18T20:32:42.806411Z,2a00:1450:400f:80d::200e,80
193,56aeb2ec9b0a,2022-11-18T20:32:42.985602Z,74.6.143.26,80
194,56aeb2ec9b0a,2022-11-18T20:32:43.374099Z,2001:4998:44:3507::8001,80
195,56aeb2ec9b0a,2022-11-18T20:32:43.548465Z,5.255.255.50,80
196,56aeb2ec9b0a,2022-11-18T20:32:43.722015Z,2a02:6b8:a::a,80
197,c428ee02fe2d,2022-11-18T22:46:29.245083Z,142.250.74.78,80
198,c428ee02fe2d,2022-11-18T22:46:29.402641Z,2a00:1450:400f:802::200e,80
199,c428ee02fe2d,2022-11-18T22:46:29.558344Z,74.6.143.25,80
200,c428ee02fe2d,2022-11-18T22:46:29.714545Z,2001:4998:124:1507::f000,80
201,c428ee02fe2d,2022-11-18T22:46:29.866837Z,74.6.143.25,80
202,c428ee02fe2d,2022-11-18T22:46:30.022857Z,2001:4998:124:1507::f000,80
203,075e02e83c65,2022-11-18T23:52:16.897602Z,142.250.74.78,80
204,075e02e83c65,2022-11-18T23:52:17.050780Z,2a00:1450:400f:802::200e,80
205,075e02e83c65,2022-11-18T23:52:17.207455Z,74.6.231.20,80
206,075e02e83c65,2022-11-18T23:52:17.362669Z,2001:4998:24:120d::1:0,80
207,075e02e83c65,2022-11-18T23:52:17.519134Z,98.137.11.164,80
208,075e02e83c65,2022-11-18T23:52:17.674761Z,2001:4998:24:120d::1:0,80
209,e7ecff4aced6,2022-11-18T23:52:32.565904Z,216.58.211.14,80
210,e7ecff4aced6,2022-11-18T23:52:32.729975Z,2a00:1450:400f:80d::200e,80
211,e7ecff4aced6,2022-11-18T23:52:32.893750Z,98.137.11.164,80
212,e7ecff4aced6,2022-11-18T23:52:33.058082Z,2001:4998:124:1507::f001,80
213,e7ecff4aced6,2022-11-18T23:52:33.225763Z,74.6.143.26,80
214,e7ecff4aced6,2022-11-18T23:52:33.389757Z,2001:4998:124:1507::f000,80
215,e19694c137b2,2022-11-19T00:38:21.543837Z,216.58.211.14,80
216,e19694c137b2,2022-11-19T00:38:21.711274Z,2a00:1450:400f:80d::200e,80
217,e19694c137b2,2022-11-19T00:38:21.879361Z,216.58.211.14,80
218,e19694c137b2,2022-11-19T00:38:22.047442Z,2001:4998:24:120d::1:1,80
219,e19694c137b2,2022-11-19T00:38:22.215281Z,98.137.11.164,80
220,e19694c137b2,2022-11-19T00:38:22.387930Z,2a00:1450:400f:80d::200e,80
221,5b18098944d6,2022-11-19T00:59:39.470246Z,142.250.74.78,80
222,5b18098944d6,2022-11-19T00:59:39.626764Z,2a00:1450:400f:802::200e,80
223,5b18098944d6,2022-11-19T00:59:39.787218Z,98.137.11.163,80
224,5b18098944d6,2022-11-19T00:59:39.943553Z,2001:4998:124:1507::f001,80
225,5b18098944d6,2022-11-19T00:59:40.098993Z,74.6.143.25,80
226,5b18098944d6,2022-11-19T00:59:40.255539Z,2001:4998:124:1507::f000,80
227,f57f4d3db0bf,2022-11-19T01:04:15.740839Z,142.250.74.78,80
228,f57f4d3db0bf,2022-11-19T01:04:15.893925Z,2a00:1450:400f:802::200e,80
229,f57f4d3db0bf,2022-11-19T01:04:16.050196Z,98.137.11.164,80
230,f57f4d3db0bf,2022-11-19T01:04:16.206439Z,2001:4998:124:1507::f001,80
231,f57f4d3db0bf,2022-11-19T01:04:16.362760Z,74.6.231.21,80
232,f57f4d3db0bf,2022-11-19T01:04:16.518728Z,2001:4998:44:3507::8000,80
233,3666d23bfd9b,2022-11-19T02:56:15.763741Z,216.58.211.14,80
234,3666d23bfd9b,2022-11-19T02:56:15.930377Z,2a00:1450:400f:80d::200e,80
235,3666d23bfd9b,2022-11-19T02:56:16.093828Z,98.137.11.164,80
236,3666d23bfd9b,2022-11-19T02:56:16.257736Z,2001:4998:24:120d::1:0,80
237,3666d23bfd9b,2022-11-19T02:56:16.421941Z,98.137.11.164,80
238,3666d23bfd9b,2022-11-19T02:56:16.586860Z,2001:4998:124:1507::f000,80
239,52fb2c5e25ca,2022-11-19T03:34:13.214005Z,216.58.211.14,80
240,52fb2c5e25ca,2022-11-19T03:34:13.382097Z,2a00:1450:400f:80d::200e,80
241,52fb2c5e25ca,2022-11-19T03:34:13.545645Z,98.137.11.164,80
242,52fb2c5e25ca,2022-11-19T03:34:13.710159Z,2001:4998:24:120d::1:1,80
243,52fb2c5e25ca,2022-11-19T03:34:13.874281Z,77.88.55.80,80
244,52fb2c5e25ca,2022-11-19T03:34:14.037636Z,2001:4998:124:1507::f000,80
245,395965c5bffc,2022-11-19T05:54:58.112941Z,142.250.74.78,80
246,395965c5bffc,2022-11-19T05:54:58.268157Z,2a00:1450:400f:802::200e,80
247,395965c5bffc,2022-11-19T05:54:58.422664Z,74.6.143.26,80
248,395965c5bffc,2022-11-19T05:54:58.579435Z,2a00:1450:400f:802::200e,80
249,395965c5bffc,2022-11-19T05:54:58.734673Z,142.250.74.78,80
250,395965c5bffc,2022-11-19T05:54:58.890226Z,2001:4998:44:3507::8000,80
251,509a96f2ec53,2022-11-19T08:39:06.432202Z,142.250.74.78,80
252,509a96f2ec53,2022-11-19T08:39:06.591836Z,2a00:1450:400f:802::200e,80
253,509a96f2ec53,2022-11-19T08:39:06.751589Z,74.6.231.21,80
254,509a96f2ec53,2022-11-19T08:39:06.911848Z,2001:4998:24:120d::1:0,80
255,509a96f2ec53,2022-11-19T08:39:07.067685Z,74.6.143.25,80
256,509a96f2ec53,2022-11-19T08:39:07.228285Z,2001:4998:24:120d::1:0,80
257,4b5812ce4a5f,2022-11-19T08:54:04.236848Z,216.58.211.14,80
258,4b5812ce4a5f,2022-11-19T08:54:04.402197Z,2a00:1450:400f:80d::200e,80
259,4b5812ce4a5f,2022-11-19T08:54:04.570448Z,74.6.231.20,80
260,4b5812ce4a5f,2022-11-19T08:54:04.739056Z,2001:4998:44:3507::8000,80
261,4b5812ce4a5f,2022-11-19T08:54:04.907313Z,74.6.143.25,80
262,4b5812ce4a5f,2022-11-19T08:54:05.074880Z,2001:4998:24:120d::1:1,80
263,4d776004c357,2022-11-19T09:16:29.140140Z,142.250.74.78,80
264,4d776004c357,2022-11-19T09:16:29.294264Z,2a00:1450:400f:802::200e,80
265,4d776004c357,2022-11-19T09:16:29.451352Z,74.6.143.26,80
266,4d776004c357,2022-11-19T09:16:29.606526Z,2001:4998:44:3507::8001,80
267,4d776004c357,2022-11-19T09:16:29.758679Z,74.6.231.20,80
268,4d776004c357,2022-11-19T09:16:29.915187Z,2001:4998:124:1507::f001,80
269,570cb189e5b8,2022-11-19T09:47:57.639120Z,216.58.211.14,80
270,570cb189e5b8,2022-11-19T09:47:57.805874Z,2a00:1450:400f:80d::200e,80
271,570cb189e5b8,2022-11-19T09:47:57.970678Z,216.58.211.14,80
272,570cb189e5b8,2022-11-19T09:47:58.133936Z,2001:4998:124:1507::f001,80
273,570cb189e5b8,2022-11-19T09:47:58.298472Z,5.255.255.77,80
274,570cb189e5b8,2022-11-19T09:47:58.461847Z,2001:4998:24:120d::1:1,80
275,5e0ed7019d06,2022-11-19T11:44:06.564794Z,216.58.211.14,80
276,5e0ed7019d06,2022-11-19T11:44:06.729405Z,2a00:1450:400f:80d::200e,80
277,5e0ed7019d06,2022-11-19T11:44:06.893989Z,98.137.11.163,80
278,5e0ed7019d06,2022-11-19T11:44:07.062079Z,2001:4998:24:120d::1:1,80
279,5e0ed7019d06,2022-11-19T11:44:07.226491Z,98.137.11.163,80
280,5e0ed7019d06,2022-11-19T11:44:07.395566Z,2001:4998:24:120d::1:0,80
281,c50b89e9f402,2022-11-19T12:42:48.306612Z,142.250.74.78,80
282,c50b89e9f402,2022-11-19T12:42:48.468040Z,2a00:1450:400f:802::200e,80
283,c50b89e9f402,2022-11-19T12:42:48.623172Z,98.137.11.164,80
284,c50b89e9f402,2022-11-19T12:42:48.779499Z,2001:4998:24:120d::1:1,80
285,c50b89e9f402,2022-11-19T12:42:48.939606Z,142.250.74.78,80
286,c50b89e9f402,2022-11-19T12:42:49.095351Z,2001:4998:24:120d::1:0,80
287,0eaef04317ac,2022-11-19T14:09:39.318312Z,216.58.211.14,80
288,0eaef04317ac,2022-11-19T14:09:39.487543Z,2a00:1450:400f:80d::200e,80
289,0eaef04317ac,2022-11-19T14:09:39.654958Z,74.6.143.26,80
290,0eaef04317ac,2022-11-19T14:09:39.822971Z,2001:4998:124:1507::f000,80
291,0eaef04317ac,2022-11-19T14:09:39.991698Z,98.137.11.164,80
292,0eaef04317ac,2022-11-19T14:09:40.159888Z,2001:4998:44:3507::8000,80
293,1578413e60fe,2022-11-19T15:16:53.124302Z,142.250.74.78,80
294,1578413e60fe,2022-11-19T15:16:53.282065Z,2a00:1450:400f:802::200e,80
295,1578413e60fe,2022-11-19T15:16:53.434287Z,98.137.11.164,80
296,1578413e60fe,2022-11-19T15:16:53.590067Z,2001:4998:124:1507::f001,80
297,1578413e60fe,2022-11-19T15:16:53.741874Z,77.88.55.77,80
298,1578413e60fe,2022-11-19T15:16:53.898312Z,2001:4998:124:1507::f001,80
299,b879a8be3e2e,2022-11-19T15:32:07.904237Z,216.58.211.14,80
300,b879a8be3e2e,2022-11-19T15:32:08.071090Z,2a00:1450:400f:80d::200e,80
301,b879a8be3e2e,2022-11-19T15:32:08.240164Z,74.6.231.20,80
302,b879a8be3e2e,2022-11-19T15:32:08.407508Z,2001:4998:24:120d::1:1,80
303,b879a8be3e2e,2022-11-19T15:32:08.579542Z,98.137.11.163,80
304,b879a8be3e2e,2022-11-19T15:32:08.747468Z,2a02:6b8:a::a,80
305,4313a69575c8,2022-11-19T16:43:50.488412Z,142.250.74.78,80
306,4313a69575c8,2022-11-19T16:43:50.646975Z,2a00:1450:400f:802::200e,80
307,4313a69575c8,2022-11-19T16:43:50.804406Z,74.6.143.25,80
308,4313a69575c8,2022-11-19T16:43:50.959083Z,2001:4998:24:120d::1:0,80
309,4313a69575c8,2022-11-19T16:43:51.115651Z,74.6.231.21,80
310,4313a69575c8,2022-11-19T16:43:51.271586Z,2001:4998:24:120d::1:1,80
311,4adb3ec00ea8,2022-11-19T17:31:51.814286Z,216.58.211.14,80
312,4adb3ec00ea8,2022-11-19T17:31:52.008789Z,2a00:1450:400f:80d::200e,80
313,4adb3ec00ea8,2022-11-19T17:31:52.209237Z,74.6.143.25,80
314,4adb3ec00ea8,2022-11-19T17:31:52.404771Z,2001:4998:44:3507::8001,80
315,4adb3ec00ea8,2022-11-19T17:31:52.608083Z,98.137.11.164,80
316,4adb3ec00ea8,2022-11-19T17:31:52.800525Z,2a00:1450:400f:80d::200e,80
317,e31d5cc1eedb,2022-11-19T18:42:13.263403Z,142.250.74.78,80
318,e31d5cc1eedb,2022-11-19T18:42:13.418338Z,2a00:1450:400f:802::200e,80
319,e31d5cc1eedb,2022-11-19T18:42:13.574817Z,142.250.74.78,80
320,e31d5cc1eedb,2022-11-19T18:42:13.731099Z,2a00:1450:400f:802::200e,80
321,e31d5cc1eedb,2022-11-19T18:42:13.886384Z,5.255.255.5,80
322,e31d5cc1eedb,2022-11-19T18:42:14.043167Z,2001:4998:24:120d::1:1,80
323,bf1a3446b7b9,2022-11-19T20:06:50.133354Z,142.250.74.78,80
324,bf1a3446b7b9,2022-11-19T20:06:50.291875Z,2a00:1450:400f:802::200e,80
325,bf1a3446b7b9,2022-11-19T20:06:50.447331Z,142.250.74.78,80
326,bf1a3446b7b9,2022-11-19T20:06:50.607815Z,2001:4998:124:1507::f001,80
327,bf1a3446b7b9,2022-11-19T20:06:50.767720Z,5.255.255.60,80
328,bf1a3446b7b9,2022-11-19T20:06:50.923688Z,2001:4998:44:3507::8001,80
329,8607505e8842,2022-11-19T21:47:05.063574Z,216.58.211.14,80
330,8607505e8842,2022-11-19T21:47:05.230869Z,2a00:1450:400f:80d::200e,80
331,8607505e8842,2022-11-19T21:47:05.398431Z,98.137.11.163,80
332,8607505e8842,2022-11-19T21:47:05.566906Z,2001:4998:24:120d::1:1,80
333,8607505e8842,2022-11-19T21:47:05.734613Z,5.255.255.80,80
334,8607505e8842,2022-11-19T21:47:05.902853Z,2001:4998:124:1507::f000,80
335,d10d348248f3,2022-11-19T23:27:45.796119Z,216.58.211.14,80
336,d10d348248f3,2022-11-19T23:27:45.963338Z,2a00:1450:400f:80d::200e,80
337,d10d348248f3,2022-11-19T23:27:46.130839Z,98.137.11.164,80
338,d10d348248f3,2022-11-19T23:27:46.314690Z,2001:4998:124:1507::f000,80
339,d10d348248f3,2022-11-19T23:27:46.482526Z,77.88.55.50,80
340,d10d348248f3,2022-11-19T23:27:46.650517Z,2001:4998:44:3507::8000,80
341,32fd7f52132b,2022-11-20T00:14:58.015548Z,216.58.211.14,80
342,32fd7f52132b,2022-11-20T00:14:58.182045Z,2a00:1450:400f:80d::200e,80
343,32fd7f52132b,2022-11-20T00:14:58.346689Z,74.6.143.26,80
344,32fd7f52132b,2022-11-20T00:14:58.509903Z,2001:4998:124:1507::f001,80
345,32fd7f52132b,2022-11-20T00:14:58.678500Z,74.6.231.21,80
346,32fd7f52132b,2022-11-20T00:14:58.846475Z,2a00:1450:400f:80d::200e,80
347,7ddf228fc204,2022-11-20T00:52:25.206821Z,142.250.74.78,80
348,7ddf228fc204,2022-11-20T00:52:25.363610Z,2a00:1450:400f:802::200e,80
349,7ddf228fc204,2022-11-20T00:52:25.518913Z,74.6.231.20,80
350,7ddf228fc204,2022-11-20T00:52:25.675583Z,2a00:1450:400f:802::200e,80
351,7ddf228fc204,2022-11-20T00:52:25.830889Z,74.6.231.21,80
352,7ddf228fc204,2022-11-20T00:52:25.987380Z,2001:4998:24:120d::1:0,80
353,afdf37275997,2022-11-20T00:57:18.468370Z,142.250.74.78,80
354,afdf37275997,2022-11-20T00:57:18.628233Z,2a00:1450:400f:802::200e,80
355,afdf37275997,2022-11-20T00:57:18.787637Z,74.6.143.25,80
356,afdf37275997,2022-11-20T00:57:18.947260Z,2001:4998:124:1507::f000,80
357,afdf37275997,2022-11-20T00:57:19.103529Z,5.255.255.60,80
358,afdf37275997,2022-11-20T00:57:19.259500Z,2a02:6b8:a::a,80
359,baad77fcf855,2022-11-20T02:36:16.071726Z,142.250.74.78,80
360,baad77fcf855,2022-11-20T02:36:16.227340Z,2a00:1450:400f:802::200e,80
361,baad77fcf855,2022-11-20T02:36:16.383417Z,74.6.231.20,80
362,baad77fcf855,2022-11-20T02:36:16.539183Z,2001:4998:24:120d::1:1,80
363,baad77fcf855,2022-11-20T02:36:16.695576Z,74.6.143.26,80
364,baad77fcf855,2022-11-20T02:36:16.851056Z,2001:4998:124:1507::f001,80
365,1ba8f92128f1,2022-11-20T02:52:07.662312Z,216.58.211.14,80
366,1ba8f92128f1,2022-11-20T02:52:07.831007Z,2a00:1450:400f:80d::200e,80
367,1ba8f92128f1,2022-11-20T02:52:07.998893Z,74.6.143.26,80
368,1ba8f92128f1,2022-11-20T02:52:08.167493Z,2001:4998:44:3507::8000,80
369,1ba8f92128f1,2022-11-20T02:52:08.334987Z,74.6.143.26,80
370,1ba8f92128f1,2022-11-20T02:52:08.503444Z,2001:4998:124:1507::f000,80
371,09f54a90c780,2022-11-20T03:52:57.990662Z,142.250.74.78,80
372,09f54a90c780,2022-11-20T03:52:58.142338Z,2a00:1450:400f:802::200e,80
373,09f54a90c780,2022-11-20T03:52:58.294175Z,74.6.231.21,80
374,09f54a90c780,2022-11-20T03:52:58.445724Z,2001:4998:44:3507::8000,80
375,09f54a90c780,2022-11-20T03:52:58.598145Z,77.88.55.77,80
376,09f54a90c780,2022-11-20T03:52:58.750449Z,2001:4998:124:1507::f000,80
377,7d18dd564a5d,2022-11-20T06:59:26.771901Z,142.250.74.78,80
378,7d18dd564a5d,2022-11-20T06:59:26.925933Z,2a00:1450:400f:802::200e,80
379,7d18dd564a5d,2022-11-20T06:59:27.082495Z,98.137.11.164,80
380,7d18dd564a5d,2022-11-20T06:59:27.233764Z,2001:4998:44:3507::8000,80
381,7d18dd564a5d,2022-11-20T06:59:27.385981Z,98.137.11.164,80
382,7d18dd564a5d,2022-11-20T06:59:27.538268Z,2001:4998:24:120d::1:1,80
383,e4dce18dee4d,2022-11-20T08:05:29.488122Z,216.58.211.14,80
384,e4dce18dee4d,2022-11-20T08:05:29.655365Z,2a00:1450:400f:80d::200e,80
385,e4dce18dee4d,2022-11-20T08:05:29.822876Z,74.6.143.26,80
386,e4dce18dee4d,2022-11-20T08:05:29.990687Z,2001:4998:124:1507::f001,80
387,e4dce18dee4d,2022-11-20T08:05:30.158903Z,74.6.143.25,80
388,e4dce18dee4d,2022-11-20T08:05:30.326634Z,2001:4998:124:1507::f000,80
389,a522e847c165,2022-11-20T08:37:42.608062Z,142.250.74.78,80
390,a522e847c165,2022-11-20T08:37:42.762632Z,2a00:1450:400f:802::200e,80
391,a522e847c165,2022-11-20T08:37:42.918764Z,142.250.74.78,80
392,a522e847c165,2022-11-20T08:37:43.074444Z,2001:4998:24:120d::1:1,80
393,a522e847c165,2022-11-20T08:37:43.230479Z,142.250.74.78,80
394,a522e847c165,2022-11-20T08:37:43.386295Z,2a00:1450:400f:802::200e,80
395,e7f396abfa50,2022-11-20T11:07:27.785025Z,142.250.74.78,80
396,e7f396abfa50,2022-11-20T11:07:27.940029Z,2a00:1450:400f:802::200e,80
397,e7f396abfa50,2022-11-20T11:07:28.094738Z,98.137.11.164,80
398,e7f396abfa50,2022-11-20T11:07:28.251172Z,2001:4998:124:1507::f000,80
399,e7f396abfa50,2022-11-20T11:07:28.407704Z,77.88.55.88,80
400,e7f396abfa50,2022-11-20T11:07:28.563791Z,2001:4998:24:120d::1:1,80
401,21bdd80ea992,2022-11-20T11:14:30.323387Z,216.58.211.14,80
402,21bdd80ea992,2022-11-20T11:14:30.494715Z,2a00:1450:400f:80d::200e,80
403,21bdd80ea992,2022-11-20T11:14:30.680096Z,98.137.11.164,80
404,21bdd80ea992,2022-11-20T11:14:30.847176Z,2001:4998:44:3507::8000,80
405,21bdd80ea992,2022-11-20T11:14:31.014671Z,74.6.231.20,80
406,21bdd80ea992,2022-11-20T11:14:31.183223Z,2001:4998:124:1507::f000,80
407,2b005eb19973,2022-11-20T11:16:19.969635Z,142.250.74.78,80
408,2b005eb19973,2022-11-20T11:16:20.127530Z,2a00:1450:400f:802::200e,80
409,2b005eb19973,2022-11-20T11:16:20.283679Z,74.6.143.25,80
410,2b005eb19973,2022-11-20T11:16:20.439511Z,2001:4998:124:1507::f001,80
411,2b005eb19973,2022-11-20T11:16:20.595204Z,74.6.231.20,80
412,2b005eb19973,2022-11-20T11:16:20.751302Z,2a00:1450:400f:802::200e,80
413,d692e410b990,2022-11-20T12:23:57.668403Z,speedtest.tele2.net,80
414,acaa9101bb23,2022-11-20T13:26:07.559044Z,216.58.211.14,80
415,acaa9101bb23,2022-11-20T13:26:07.731616Z,2a00:1450:400f:80d::200e,80
416,acaa9101bb23,2022-11-20T13:26:07.899389Z,74.6.231.20,80
417,acaa9101bb23,2022-11-20T13:26:08.072090Z,2001:4998:124:1507::f001,80
418,acaa9101bb23,2022-11-20T13:26:08.243390Z,74.6.143.26,80
419,acaa9101bb23,2022-11-20T13:26:08.419627Z,2001:4998:44:3507::8000,80
420,cfedcc50de7b,2022-11-20T14:25:11.342596Z,216.58.211.14,80
421,cfedcc50de7b,2022-11-20T14:25:11.510377Z,2a00:1450:400f:80d::200e,80
422,cfedcc50de7b,2022-11-20T14:25:11.674019Z,98.137.11.163,80
423,cfedcc50de7b,2022-11-20T14:25:11.839218Z,2001:4998:44:3507::8001,80
424,cfedcc50de7b,2022-11-20T14:25:12.006328Z,74.6.231.20,80
425,cfedcc50de7b,2022-11-20T14:25:12.173937Z,2001:4998:44:3507::8001,80
426,e9a7c3df42f6,2022-11-20T15:36:15.659485Z,142.250.74.78,80
427,e9a7c3df42f6,2022-11-20T15:36:15.814430Z,2a00:1450:400f:802::200e,80
428,e9a7c3df42f6,2022-11-20T15:36:15.970521Z,98.137.11.164,80
429,e9a7c3df42f6,2022-11-20T15:36:16.126262Z,2001:4998:24:120d::1:1,80
430,e9a7c3df42f6,2022-11-20T15:36:16.282373Z,98.137.11.164,80
431,e9a7c3df42f6,2022-11-20T15:36:16.434488Z,2a02:6b8:a::a,80
432,24a9cc1ad125,2022-11-20T17:51:38.844585Z,142.250.74.78,80
433,24a9cc1ad125,2022-11-20T17:51:38.998434Z,2a00:1450:400f:802::200e,80
434,24a9cc1ad125,2022-11-20T17:51:39.154700Z,74.6.143.25,80
435,24a9cc1ad125,2022-11-20T17:51:39.310512Z,2001:4998:44:3507::8000,80
436,24a9cc1ad125,2022-11-20T17:51:39.466450Z,98.137.11.163,80
437,24a9cc1ad125,2022-11-20T17:51:39.622515Z,2001:4998:24:120d::1:0,80
438,a3276863f63c,2022-11-20T18:03:04.543463Z,speedtest.tele2.net,80
439,cdb4698c43ef,2022-11-20T18:45:01.921311Z,216.58.211.14,80
440,cdb4698c43ef,2022-11-20T18:45:02.099977Z,2a00:1450:400f:80d::200e,80
441,cdb4698c43ef,2022-11-20T18:45:02.271883Z,216.58.211.14,80
442,cdb4698c43ef,2022-11-20T18:45:02.449925Z,2001:4998:24:120d::1:1,80
443,cdb4698c43ef,2022-11-20T18:45:02.628069Z,98.137.11.163,80
444,cdb4698c43ef,2022-11-20T18:45:02.800234Z,2001:4998:44:3507::8000,80
445,8cb395572160,2022-11-20T18:46:39.435111Z,142.250.74.78,80
446,8cb395572160,2022-11-20T18:46:39.591026Z,2a00:1450:400f:802::200e,80
447,8cb395572160,2022-11-20T18:46:39.747496Z,98.137.11.164,80
448,8cb395572160,2022-11-20T18:46:39.903743Z,2001:4998:24:120d::1:1,80
449,8cb395572160,2022-11-20T18:46:40.058916Z,142.250.74.78,80
450,8cb395572160,2022-11-20T18:46:40.215304Z,2001:4998:124:1507::f000,80
451,3abfed465a11,2022-11-20T19:05:00.862283Z,142.250.74.78,80
452,3abfed465a11,2022-11-20T19:05:01.018849Z,2a00:1450:400f:802::200e,80
453,3abfed465a11,2022-11-20T19:05:01.174309Z,98.137.11.163,80
454,3abfed465a11,2022-11-20T19:05:01.326589Z,2001:4998:44:3507::8001,80
455,3abfed465a11,2022-11-20T19:05:01.482713Z,77.88.55.60,80
456,3abfed465a11,2022-11-20T19:05:01.638153Z,2001:4998:124:1507::f001,80
457,08916b22209d,2022-11-20T21:24:37.784713Z,216.58.211.14,80
458,08916b22209d,2022-11-20T21:24:37.950566Z,2a00:1450:400f:80d::200e,80
459,08916b22209d,2022-11-20T21:24:38.114292Z,216.58.211.14,80
460,08916b22209d,2022-11-20T21:24:38.281784Z,2001:4998:24:120d::1:0,80
461,08916b22209d,2022-11-20T21:24:38.445683Z,98.137.11.163,80
462,08916b22209d,2022-11-20T21:24:38.609651Z,2001:4998:44:3507::8001,80
463,38146efa7f0d,2022-11-20T23:35:19.505049Z,142.250.74.78,80
464,38146efa7f0d,2022-11-20T23:35:19.663734Z,2a00:1450:400f:802::200e,80
465,38146efa7f0d,2022-11-20T23:35:19.823599Z,142.250.74.78,80
466,38146efa7f0d,2022-11-20T23:35:19.983780Z,2001:4998:44:3507::8000,80
467,38146efa7f0d,2022-11-20T23:35:20.140033Z,74.6.143.25,80
468,38146efa7f0d,2022-11-20T23:35:20.299760Z,2001:4998:24:120d::1:0,80
469,18388c5f259e,2022-11-20T23:49:26.921639Z,142.250.74.78,80
470,18388c5f259e,2022-11-20T23:49:27.078383Z,2a00:1450:400f:802::200e,80
471,18388c5f259e,2022-11-20T23:49:27.234761Z,142.250.74.78,80
472,18388c5f259e,2022-11-20T23:49:27.390744Z,2001:4998:124:1507::f001,80
473,18388c5f259e,2022-11-20T23:49:27.547104Z,5.255.255.77,80
474,18388c5f259e,2022-11-20T23:49:27.702823Z,2001:4998:44:3507::8001,80
475,40fddcfecd03,2022-11-22T05:40:29.569664Z,142.250.74.78,80
476,40fddcfecd03,2022-11-22T05:40:29.726550Z,2a00:1450:400f:802::200e,80
477,40fddcfecd03,2022-11-22T05:40:29.882655Z,74.6.231.21,80
478,40fddcfecd03,2022-11-22T05:40:30.038549Z,2001:4998:124:1507::f000,80
479,40fddcfecd03,2022-11-22T05:40:30.194818Z,74.6.231.21,80
480,40fddcfecd03,2022-11-22T05:40:30.350484Z,2001:4998:24:120d::1:0,80
481,db315fee2f68,2022-11-22T06:42:01.089291Z,216.58.211.14,80
482,db315fee2f68,2022-11-22T06:42:01.253417Z,2a00:1450:400f:80d::200e,80
483,db315fee2f68,2022-11-22T06:42:01.417348Z,98.137.11.163,80
484,db315fee2f68,2022-11-22T06:42:01.581684Z,2a00:1450:400f:80d::200e,80
485,db315fee2f68,2022-11-22T06:42:01.746150Z,74.6.231.21,80
486,db315fee2f68,2022-11-22T06:42:01.910216Z,2a00:1450:400f:80d::200e,80
487,7308a4dc4cfa,2022-11-22T08:32:38.667065Z,142.250.74.78,80
488,7308a4dc4cfa,2022-11-22T08:32:38.822167Z,2a00:1450:400f:802::200e,80
489,7308a4dc4cfa,2022-11-22T08:32:38.974535Z,74.6.143.25,80
490,7308a4dc4cfa,2022-11-22T08:32:39.130421Z,2a00:1450:400f:802::200e,80
491,7308a4dc4cfa,2022-11-22T08:32:39.286884Z,74.6.231.20,80
492,7308a4dc4cfa,2022-11-22T08:32:39.442338Z,2a02:6b8:a::a,80
493,b5b9ae43614d,2022-11-22T13:05:17.829843Z,142.250.74.78,80
494,b5b9ae43614d,2022-11-22T13:05:17.981776Z,2a00:1450:400f:802::200e,80
495,b5b9ae43614d,2022-11-22T13:05:18.137847Z,98.137.11.164,80
496,b5b9ae43614d,2022-11-22T13:05:18.289914Z,2001:4998:124:1507::f001,80
497,b5b9ae43614d,2022-11-22T13:05:18.442901Z,74.6.143.26,80
498,b5b9ae43614d,2022-11-22T13:05:18.598652Z,2001:4998:124:1507::f001,80
499,e88c18bf03a7,2022-11-22T13:40:05.548950Z,216.58.211.14,80
500,e88c18bf03a7,2022-11-22T13:40:05.714078Z,2a00:1450:400f:80d::200e,80
501,e88c18bf03a7,2022-11-22T13:40:05.882115Z,74.6.143.25,80
502,e88c18bf03a7,2022-11-22T13:40:06.045732Z,2001:4998:24:120d::1:1,80
503,e88c18bf03a7,2022-11-22T13:40:06.213731Z,98.137.11.163,80
504,e88c18bf03a7,2022-11-22T13:40:06.377718Z,2001:4998:24:120d::1:0,80
505,dfea9d9010b2,2022-11-22T15:46:11.626224Z,speedtest.tele2.net,80
506,a3ebe717e79e,2022-11-22T16:59:49.689318Z,142.250.74.78,80
507,a3ebe717e79e,2022-11-22T16:59:49.847261Z,2a00:1450:400f:802::200e,80
508,a3ebe717e79e,2022-11-22T16:59:50.003165Z,74.6.143.25,80
509,a3ebe717e79e,2022-11-22T16:59:50.163154Z,2001:4998:124:1507::f001,80
510,a3ebe717e79e,2022-11-22T16:59:50.319920Z,74.6.231.21,80
511,a3ebe717e79e,2022-11-22T16:59:50.479701Z,2a00:1450:400f:802::200e,80
512,2143f5fc301a,2022-11-22T18:02:46.255609Z,216.58.211.14,80
513,2143f5fc301a,2022-11-22T18:02:46.423244Z,2a00:1450:400f:80d::200e,80
514,2143f5fc301a,2022-11-22T18:02:46.839391Z,74.6.143.26,80
515,2143f5fc301a,2022-11-22T18:02:47.011934Z,2001:4998:44:3507::8001,80
516,2143f5fc301a,2022-11-22T18:02:47.187522Z,77.88.55.50,80
517,2143f5fc301a,2022-11-22T18:02:47.359114Z,2001:4998:124:1507::f001,80
518,806aef9e71b4,2022-11-22T22:47:08.928004Z,216.58.211.14,80
519,806aef9e71b4,2022-11-22T22:47:09.094258Z,2a00:1450:400f:80d::200e,80
520,806aef9e71b4,2022-11-22T22:47:09.262597Z,74.6.231.20,80
521,806aef9e71b4,2022-11-22T22:47:09.426187Z,2001:4998:44:3507::8001,80
522,806aef9e71b4,2022-11-22T22:47:09.594851Z,5.255.255.80,80
523,806aef9e71b4,2022-11-22T22:47:09.762572Z,2001:4998:124:1507::f000,80
524,4afc82e39d55,2022-11-23T01:58:53.303923Z,142.250.74.78,80
525,4afc82e39d55,2022-11-23T01:58:53.458317Z,2a00:1450:400f:802::200e,80
526,4afc82e39d55,2022-11-23T01:58:53.614591Z,142.250.74.78,80
527,4afc82e39d55,2022-11-23T01:58:53.770567Z,2001:4998:24:120d::1:1,80
528,4afc82e39d55,2022-11-23T01:58:53.926230Z,98.137.11.163,80
529,4afc82e39d55,2022-11-23T01:58:54.078502Z,2001:4998:24:120d::1:0,80
530,c64054cb5de5,2022-11-23T02:39:34.504263Z,216.58.211.14,80
531,c64054cb5de5,2022-11-23T02:39:34.669530Z,2a00:1450:400f:80d::200e,80
532,c64054cb5de5,2022-11-23T02:39:34.833657Z,74.6.231.21,80
533,c64054cb5de5,2022-11-23T02:39:34.997728Z,2a00:1450:400f:80d::200e,80
534,c64054cb5de5,2022-11-23T02:39:35.161671Z,5.255.255.55,80
535,c64054cb5de5,2022-11-23T02:39:35.325709Z,2001:4998:24:120d::1:1,80
536,e65f44b31d3b,2022-11-23T05:24:53.292354Z,216.58.211.14,80
537,e65f44b31d3b,2022-11-23T05:24:53.459100Z,2a00:1450:400f:80d::200e,80
538,e65f44b31d3b,2022-11-23T05:24:53.626678Z,98.137.11.164,80
539,e65f44b31d3b,2022-11-23T05:24:53.794987Z,2a00:1450:400f:80d::200e,80
540,e65f44b31d3b,2022-11-23T05:24:53.962645Z,98.137.11.163,80
541,e65f44b31d3b,2022-11-23T05:24:54.130334Z,2001:4998:44:3507::8000,80
542,6498f08d2472,2022-11-23T09:02:04.965237Z,142.250.74.78,80
543,6498f08d2472,2022-11-23T09:02:05.123074Z,2a00:1450:400f:802::200e,80
544,6498f08d2472,2022-11-23T09:02:05.278624Z,142.250.74.78,80
545,6498f08d2472,2022-11-23T09:02:05.434745Z,2001:4998:124:1507::f000,80
546,6498f08d2472,2022-11-23T09:02:05.591209Z,77.88.55.80,80
547,6498f08d2472,2022-11-23T09:02:05.747966Z,2001:4998:44:3507::8001,80
548,b3afc2a6d0c6,2022-11-23T10:43:38.457180Z,142.250.74.78,80
549,b3afc2a6d0c6,2022-11-23T10:43:38.610733Z,2a00:1450:400f:802::200e,80
550,b3afc2a6d0c6,2022-11-23T10:43:38.766532Z,74.6.143.25,80
551,b3afc2a6d0c6,2022-11-23T10:43:38.922275Z,2001:4998:44:3507::8001,80
552,b3afc2a6d0c6,2022-11-23T10:43:39.078774Z,5.255.255.60,80
553,b3afc2a6d0c6,2022-11-23T10:43:39.234409Z,2001:4998:24:120d::1:0,80
554,e9154bc04649,2022-11-23T11:56:23.391000Z,216.58.211.14,80
555,e9154bc04649,2022-11-23T11:56:23.558047Z,2a00:1450:400f:80d::200e,80
556,e9154bc04649,2022-11-23T11:56:23.726362Z,98.137.11.163,80
557,e9154bc04649,2022-11-23T11:56:23.894542Z,2001:4998:24:120d::1:0,80
558,e9154bc04649,2022-11-23T11:56:24.062262Z,216.58.211.14,80
559,e9154bc04649,2022-11-23T11:56:24.230667Z,2001:4998:124:1507::f001,80
560,60c8849b1c43,2022-11-23T14:03:47.371935Z,142.250.74.78,80
561,60c8849b1c43,2022-11-23T14:03:47.527325Z,2a00:1450:400f:802::200e,80
562,60c8849b1c43,2022-11-23T14:03:47.687422Z,98.137.11.164,80
563,60c8849b1c43,2022-11-23T14:03:47.843379Z,2001:4998:124:1507::f001,80
564,60c8849b1c43,2022-11-23T14:03:48.003553Z,77.88.55.77,80
565,60c8849b1c43,2022-11-23T14:03:48.159458Z,2001:4998:44:3507::8000,80
566,ee86c9e2ef8e,2022-11-23T15:17:18.516792Z,216.58.211.14,80
567,ee86c9e2ef8e,2022-11-23T15:17:18.682259Z,2a00:1450:400f:80d::200e,80
568,ee86c9e2ef8e,2022-11-23T15:17:18.845814Z,74.6.143.25,80
569,ee86c9e2ef8e,2022-11-23T15:17:19.009876Z,2001:4998:44:3507::8000,80
570,ee86c9e2ef8e,2022-11-23T15:17:19.178395Z,98.137.11.163,80
571,ee86c9e2ef8e,2022-11-23T15:17:19.342221Z,2001:4998:24:120d::1:0,80
572,4d623ade48ce,2022-11-23T18:29:06.048105Z,216.58.211.14,80
573,4d623ade48ce,2022-11-23T18:29:06.213681Z,2a00:1450:400f:80d::200e,80
574,4d623ade48ce,2022-11-23T18:29:06.378002Z,74.6.143.26,80
575,4d623ade48ce,2022-11-23T18:29:06.541873Z,2a00:1450:400f:80d::200e,80
576,4d623ade48ce,2022-11-23T18:29:06.707885Z,77.88.55.60,80
577,4d623ade48ce,2022-11-23T18:29:06.874187Z,2001:4998:124:1507::f000,80
578,773cf24ae6a9,2022-11-23T19:40:24.461877Z,142.250.74.78,80
579,773cf24ae6a9,2022-11-23T19:40:24.618533Z,2a00:1450:400f:802::200e,80
580,773cf24ae6a9,2022-11-23T19:40:24.774584Z,74.6.143.26,80
581,773cf24ae6a9,2022-11-23T19:40:24.930482Z,2a00:1450:400f:802::200e,80
582,773cf24ae6a9,2022-11-23T19:40:25.086197Z,74.6.231.20,80
583,773cf24ae6a9,2022-11-23T19:40:25.238530Z,2001:4998:124:1507::f000,80
584,58255999fda7,2022-11-23T22:38:12.254072Z,142.250.74.78,80
585,58255999fda7,2022-11-23T22:38:12.422342Z,2a00:1450:400f:802::200e,80
586,58255999fda7,2022-11-23T22:38:12.590403Z,74.6.143.25,80
587,58255999fda7,2022-11-23T22:38:12.758420Z,2001:4998:24:120d::1:0,80
588,58255999fda7,2022-11-23T22:38:12.926349Z,74.6.143.26,80
589,58255999fda7,2022-11-23T22:38:13.094238Z,2001:4998:124:1507::f000,80
590,ff3faec70b75,2022-11-24T00:02:06.207370Z,216.58.211.14,80
591,ff3faec70b75,2022-11-24T00:02:06.374892Z,2a00:1450:400f:80d::200e,80
592,ff3faec70b75,2022-11-24T00:02:06.543268Z,98.137.11.163,80
593,ff3faec70b75,2022-11-24T00:02:06.710552Z,2001:4998:24:120d::1:0,80
594,ff3faec70b75,2022-11-24T00:02:06.879163Z,5.255.255.70,80
595,ff3faec70b75,2022-11-24T00:02:07.047077Z,2001:4998:124:1507::f000,80
596,49015c3afaa5,2022-11-24T02:41:56.628173Z,142.250.74.78,80
597,49015c3afaa5,2022-11-24T02:41:56.787065Z,2a00:1450:400f:802::200e,80
598,49015c3afaa5,2022-11-24T02:41:56.943407Z,98.137.11.164,80
599,49015c3afaa5,2022-11-24T02:41:57.099546Z,2001:4998:124:1507::f001,80
600,49015c3afaa5,2022-11-24T02:41:57.258908Z,142.250.74.78,80
601,49015c3afaa5,2022-11-24T02:41:57.414790Z,2001:4998:44:3507::8000,80
602,0dacb53653cc,2022-11-24T05:08:47.073980Z,216.58.211.14,80
603,0dacb53653cc,2022-11-24T05:08:47.237750Z,2a00:1450:400f:80d::200e,80
604,0dacb53653cc,2022-11-24T05:08:47.401851Z,74.6.231.20,80
605,0dacb53653cc,2022-11-24T05:08:47.566185Z,2001:4998:44:3507::8000,80
606,0dacb53653cc,2022-11-24T05:08:47.729762Z,77.88.55.55,80
607,0dacb53653cc,2022-11-24T05:08:47.893821Z,2001:4998:124:1507::f001,80
608,fdbdbe96cd7c,2022-11-26T02:05:32.103015Z,142.250.74.78,80
609,fdbdbe96cd7c,2022-11-26T02:05:32.257893Z,2a00:1450:400f:802::200e,80
610,fdbdbe96cd7c,2022-11-26T02:05:32.413905Z,98.137.11.164,80
611,fdbdbe96cd7c,2022-11-26T02:05:32.570205Z,2001:4998:24:120d::1:1,80
612,fdbdbe96cd7c,2022-11-26T02:05:32.726224Z,77.88.55.66,80
613,fdbdbe96cd7c,2022-11-26T02:05:32.881403Z,2a00:1450:400f:802::200e,80
614,6b37ff09db9a,2022-11-26T04:24:39.013197Z,216.58.211.14,80
615,6b37ff09db9a,2022-11-26T04:24:39.182930Z,2a00:1450:400f:80d::200e,80
616,6b37ff09db9a,2022-11-26T04:24:39.350740Z,74.6.231.21,80
617,6b37ff09db9a,2022-11-26T04:24:39.518892Z,2001:4998:44:3507::8001,80
618,6b37ff09db9a,2022-11-26T04:24:39.690600Z,77.88.55.66,80
619,6b37ff09db9a,2022-11-26T04:24:39.858441Z,2a02:6b8:a::a,80
620,eba94c422272,2022-11-26T05:22:59.752892Z,216.58.211.14,80
621,eba94c422272,2022-11-26T05:22:59.917036Z,2a00:1450:400f:80d::200e,80
622,eba94c422272,2022-11-26T05:23:00.081470Z,98.137.11.163,80
623,eba94c422272,2022-11-26T05:23:00.245028Z,2001:4998:124:1507::f000,80
624,eba94c422272,2022-11-26T05:23:00.409143Z,77.88.55.70,80
625,eba94c422272,2022-11-26T05:23:00.573298Z,2001:4998:44:3507::8001,80
626,cfd5c0a3c4d6,2022-11-26T06:06:33.963741Z,142.250.74.78,80
627,cfd5c0a3c4d6,2022-11-26T06:06:34.119478Z,2a00:1450:400f:802::200e,80
628,cfd5c0a3c4d6,2022-11-26T06:06:34.274278Z,74.6.231.21,80
629,cfd5c0a3c4d6,2022-11-26T06:06:34.430776Z,2001:4998:44:3507::8000,80
630,cfd5c0a3c4d6,2022-11-26T06:06:34.587009Z,77.88.55.70,80
631,cfd5c0a3c4d6,2022-11-26T06:06:34.742605Z,2a00:1450:400f:802::200e,80
632,c1952c93db56,2022-11-26T06:41:57.106688Z,142.250.74.78,80
633,c1952c93db56,2022-11-26T06:41:57.261861Z,2a00:1450:400f:802::200e,80
634,c1952c93db56,2022-11-26T06:41:57.417669Z,142.250.74.78,80
635,c1952c93db56,2022-11-26T06:41:57.573959Z,2001:4998:24:120d::1:0,80
636,c1952c93db56,2022-11-26T06:41:57.729693Z,98.137.11.164,80
637,c1952c93db56,2022-11-26T06:41:57.885723Z,2001:4998:124:1507::f000,80
638,a04e7a106875,2022-11-26T07:14:48.053383Z,216.58.211.14,80
639,a04e7a106875,2022-11-26T07:14:48.225577Z,2a00:1450:400f:80d::200e,80
640,a04e7a106875,2022-11-26T07:14:48.395046Z,98.137.11.164,80
641,a04e7a106875,2022-11-26T07:14:48.562679Z,2001:4998:24:120d::1:0,80
642,a04e7a106875,2022-11-26T07:14:48.730676Z,216.58.211.14,80
643,a04e7a106875,2022-11-26T07:14:48.898605Z,2a00:1450:400f:80d::200e,80
644,0e2a3486ec26,2022-11-26T09:23:25.046203Z,142.250.74.78,80
645,0e2a3486ec26,2022-11-26T09:23:25.202283Z,2a00:1450:400f:802::200e,80
646,0e2a3486ec26,2022-11-26T09:23:25.359590Z,142.250.74.78,80
647,0e2a3486ec26,2022-11-26T09:23:25.518284Z,2001:4998:124:1507::f001,80
648,0e2a3486ec26,2022-11-26T09:23:25.678430Z,77.88.55.70,80
649,0e2a3486ec26,2022-11-26T09:23:25.834719Z,2001:4998:24:120d::1:1,80
650,94b5cbf60688,2022-11-26T09:29:46.115199Z,142.250.74.78,80
651,94b5cbf60688,2022-11-26T09:29:46.269531Z,2a00:1450:400f:802::200e,80
652,94b5cbf60688,2022-11-26T09:29:46.425346Z,74.6.143.26,80
653,94b5cbf60688,2022-11-26T09:29:46.581554Z,2001:4998:124:1507::f001,80
654,94b5cbf60688,2022-11-26T09:29:46.733503Z,74.6.231.21,80
655,94b5cbf60688,2022-11-26T09:29:46.889976Z,2a00:1450:400f:802::200e,80
656,bb73852b3de9,2022-11-26T12:34:25.621341Z,216.58.211.14,80
657,bb73852b3de9,2022-11-26T12:34:25.785379Z,2a00:1450:400f:80d::200e,80
658,bb73852b3de9,2022-11-26T12:34:25.949522Z,74.6.231.21,80
659,bb73852b3de9,2022-11-26T12:34:26.113207Z,2001:4998:44:3507::8000,80
660,bb73852b3de9,2022-11-26T12:34:26.276973Z,98.137.11.164,80
661,bb73852b3de9,2022-11-26T12:34:26.441442Z,2001:4998:44:3507::8001,80
662,17aac7b4f171,2022-11-26T12:40:54.395408Z,216.58.211.14,80
663,17aac7b4f171,2022-11-26T12:40:54.561885Z,2a00:1450:400f:80d::200e,80
664,17aac7b4f171,2022-11-26T12:40:54.730008Z,98.137.11.163,80
665,17aac7b4f171,2022-11-26T12:40:54.898527Z,2001:4998:124:1507::f000,80
666,17aac7b4f171,2022-11-26T12:40:55.066015Z,74.6.143.25,80
667,17aac7b4f171,2022-11-26T12:40:55.235277Z,2a02:6b8:a::a,80
668,23cfddb4c8c8,2022-11-26T14:31:35.958001Z,142.250.74.78,80
669,23cfddb4c8c8,2022-11-26T14:31:36.114798Z,2a00:1450:400f:802::200e,80
670,23cfddb4c8c8,2022-11-26T14:31:36.303571Z,74.6.143.26,80
671,23cfddb4c8c8,2022-11-26T14:31:36.458559Z,2001:4998:24:120d::1:1,80
672,23cfddb4c8c8,2022-11-26T14:31:36.614414Z,74.6.231.20,80
673,23cfddb4c8c8,2022-11-26T14:31:36.770464Z,2001:4998:24:120d::1:1,80
674,8a8c8f6f662d,2022-11-26T15:06:00.678555Z,142.250.74.78,80
675,8a8c8f6f662d,2022-11-26T15:06:00.833073Z,2a00:1450:400f:802::200e,80
676,8a8c8f6f662d,2022-11-26T15:06:00.985624Z,74.6.143.25,80
677,8a8c8f6f662d,2022-11-26T15:06:01.137572Z,2001:4998:44:3507::8001,80
678,8a8c8f6f662d,2022-11-26T15:06:01.293164Z,98.137.11.164,80
679,8a8c8f6f662d,2022-11-26T15:06:01.445095Z,2001:4998:24:120d::1:0,80
680,08941166f482,2022-11-26T16:59:24.658270Z,216.58.211.14,80
681,08941166f482,2022-11-26T16:59:24.825746Z,2a00:1450:400f:80d::200e,80
682,08941166f482,2022-11-26T16:59:24.994241Z,216.58.211.14,80
683,08941166f482,2022-11-26T16:59:25.161921Z,2001:4998:44:3507::8001,80
684,08941166f482,2022-11-26T16:59:25.330162Z,98.137.11.164,80
685,08941166f482,2022-11-26T16:59:25.497975Z,2001:4998:44:3507::8000,80
686,021312f6c1db,2022-11-26T19:15:46.787606Z,216.58.211.14,80
687,021312f6c1db,2022-11-26T19:15:46.954083Z,2a00:1450:400f:80d::200e,80
688,021312f6c1db,2022-11-26T19:15:47.121934Z,216.58.211.14,80
689,021312f6c1db,2022-11-26T19:15:47.290306Z,2a00:1450:400f:80d::200e,80
690,021312f6c1db,2022-11-26T19:15:47.457889Z,5.255.255.70,80
691,021312f6c1db,2022-11-26T19:15:47.625918Z,2001:4998:44:3507::8000,80
692,9f466e2cad9c,2022-11-26T19:47:34.593215Z,142.250.74.78,80
693,9f466e2cad9c,2022-11-26T19:47:34.744749Z,2a00:1450:400f:802::200e,80
694,9f466e2cad9c,2022-11-26T19:47:34.897679Z,98.137.11.164,80
695,9f466e2cad9c,2022-11-26T19:47:35.049380Z,2001:4998:44:3507::8000,80
696,9f466e2cad9c,2022-11-26T19:47:35.205227Z,142.250.74.78,80
697,9f466e2cad9c,2022-11-26T19:47:35.357620Z,2001:4998:24:120d::1:0,80
698,fb3e56a13b4a,2022-11-26T19:51:59.235165Z,216.58.211.14,80
699,fb3e56a13b4a,2022-11-26T19:51:59.402219Z,2a00:1450:400f:80d::200e,80
700,fb3e56a13b4a,2022-11-26T19:51:59.569934Z,74.6.143.25,80
701,fb3e56a13b4a,2022-11-26T19:51:59.739751Z,2001:4998:124:1507::f001,80
702,fb3e56a13b4a,2022-11-26T19:51:59.910960Z,98.137.11.163,80
703,fb3e56a13b4a,2022-11-26T19:52:00.078803Z,2001:4998:124:1507::f000,80
704,7fdbf1d2b003,2022-11-26T20:44:20.993241Z,142.250.74.78,80
705,7fdbf1d2b003,2022-11-26T20:44:21.145629Z,2a00:1450:400f:802::200e,80
706,7fdbf1d2b003,2022-11-26T20:44:21.297395Z,74.6.143.25,80
707,7fdbf1d2b003,2022-11-26T20:44:21.453741Z,2001:4998:44:3507::8000,80
708,7fdbf1d2b003,2022-11-26T20:44:21.609695Z,77.88.55.77,80
709,7fdbf1d2b003,2022-11-26T20:44:21.765379Z,2001:4998:24:120d::1:1,80
710,5796b3aa6083,2022-11-26T22:14:04.889391Z,142.250.74.78,80
711,5796b3aa6083,2022-11-26T22:14:05.041668Z,2a00:1450:400f:802::200e,80
712,5796b3aa6083,2022-11-26T22:14:05.198616Z,98.137.11.163,80
713,5796b3aa6083,2022-11-26T22:14:05.353518Z,2a00:1450:400f:802::200e,80
714,5796b3aa6083,2022-11-26T22:14:05.510658Z,5.255.255.60,80
715,5796b3aa6083,2022-11-26T22:14:05.665443Z,2001:4998:24:120d::1:0,80
716,63cd3635bf66,2022-11-27T00:43:34.013479Z,216.58.211.14,80
717,63cd3635bf66,2022-11-27T00:43:34.182028Z,2a00:1450:400f:80d::200e,80
718,63cd3635bf66,2022-11-27T00:43:34.349813Z,74.6.231.21,80
719,63cd3635bf66,2022-11-27T00:43:34.518387Z,2001:4998:44:3507::8001,80
720,63cd3635bf66,2022-11-27T00:43:34.685538Z,74.6.231.21,80
721,63cd3635bf66,2022-11-27T00:43:34.853790Z,2001:4998:24:120d::1:1,80
722,52067684a73a,2022-11-27T01:20:36.320472Z,142.250.74.78,80
723,52067684a73a,2022-11-27T01:20:36.479595Z,2a00:1450:400f:802::200e,80
724,52067684a73a,2022-11-27T01:20:36.639006Z,74.6.143.26,80
725,52067684a73a,2022-11-27T01:20:36.799605Z,2001:4998:44:3507::8000,80
726,52067684a73a,2022-11-27T01:20:36.958636Z,77.88.55.77,80
727,52067684a73a,2022-11-27T01:20:37.114896Z,2001:4998:44:3507::8001,80
728,21a5b6161b62,2022-11-27T01:28:48.302859Z,216.58.211.14,80
729,21a5b6161b62,2022-11-27T01:28:48.464846Z,2a00:1450:400f:80d::200e,80
730,21a5b6161b62,2022-11-27T01:28:48.628393Z,98.137.11.163,80
731,21a5b6161b62,2022-11-27T01:28:48.793048Z,2001:4998:44:3507::8000,80
732,21a5b6161b62,2022-11-27T01:28:48.956868Z,77.88.55.88,80
733,21a5b6161b62,2022-11-27T01:28:49.120787Z,2001:4998:44:3507::8001,80
734,05086eeb8805,2022-11-27T02:04:36.036358Z,142.250.74.78,80
735,05086eeb8805,2022-11-27T02:04:36.190000Z,2a00:1450:400f:802::200e,80
736,05086eeb8805,2022-11-27T02:04:36.345381Z,74.6.231.20,80
737,05086eeb8805,2022-11-27T02:04:36.501987Z,2001:4998:44:3507::8001,80
738,05086eeb8805,2022-11-27T02:04:36.657188Z,5.255.255.60,80
739,05086eeb8805,2022-11-27T02:04:36.809819Z,2001:4998:24:120d::1:0,80
740,4ee2e65af7f5,2022-11-27T02:32:12.217880Z,142.250.74.78,80
741,4ee2e65af7f5,2022-11-27T02:32:12.374770Z,2a00:1450:400f:802::200e,80
742,4ee2e65af7f5,2022-11-27T02:32:12.534344Z,74.6.143.25,80
743,4ee2e65af7f5,2022-11-27T02:32:12.690649Z,2001:4998:124:1507::f000,80
744,4ee2e65af7f5,2022-11-27T02:32:12.846379Z,74.6.231.21,80
745,4ee2e65af7f5,2022-11-27T02:32:13.002530Z,2001:4998:124:1507::f001,80
746,1bee31bbd8ee,2022-11-27T05:07:49.404202Z,216.58.211.14,80
747,1bee31bbd8ee,2022-11-27T05:07:49.568488Z,2a00:1450:400f:80d::200e,80
748,1bee31bbd8ee,2022-11-27T05:07:49.732544Z,216.58.211.14,80
749,1bee31bbd8ee,2022-11-27T05:07:49.896992Z,2001:4998:24:120d::1:1,80
750,1bee31bbd8ee,2022-11-27T05:07:50.061083Z,77.88.55.55,80
751,1bee31bbd8ee,2022-11-27T05:07:50.225568Z,2001:4998:24:120d::1:0,80
752,2ea1a9e7f3a1,2022-11-27T06:38:17.586890Z,142.250.74.78,80
753,2ea1a9e7f3a1,2022-11-27T06:38:17.753968Z,2a00:1450:400f:802::200e,80
754,2ea1a9e7f3a1,2022-11-27T06:38:17.921380Z,98.137.11.163,80
755,2ea1a9e7f3a1,2022-11-27T06:38:18.085798Z,2001:4998:24:120d::1:1,80
756,2ea1a9e7f3a1,2022-11-27T06:38:18.253515Z,74.6.143.25,80
757,2ea1a9e7f3a1,2022-11-27T06:38:18.422018Z,2a02:6b8:a::a,80
758,293597bf251c,2022-11-27T07:14:44.573386Z,142.250.74.78,80
759,293597bf251c,2022-11-27T07:14:44.730650Z,2a00:1450:400f:802::200e,80
760,293597bf251c,2022-11-27T07:14:44.886369Z,74.6.231.21,80
761,293597bf251c,2022-11-27T07:14:45.042609Z,2001:4998:124:1507::f001,80
762,293597bf251c,2022-11-27T07:14:45.198688Z,98.137.11.163,80
763,293597bf251c,2022-11-27T07:14:45.354496Z,2001:4998:124:1507::f001,80
764,c49a0ae8f938,2022-11-27T10:08:45.191161Z,216.58.211.14,80
765,c49a0ae8f938,2022-11-27T10:08:45.362566Z,2a00:1450:400f:80d::200e,80
766,c49a0ae8f938,2022-11-27T10:08:45.530880Z,216.58.211.14,80
767,c49a0ae8f938,2022-11-27T10:08:45.698756Z,2001:4998:44:3507::8001,80
768,c49a0ae8f938,2022-11-27T10:08:45.871260Z,74.6.143.25,80
769,c49a0ae8f938,2022-11-27T10:08:46.038893Z,2a02:6b8:a::a,80
770,926e641be622,2022-11-27T10:19:12.632582Z,216.58.211.14,80
771,926e641be622,2022-11-27T10:19:12.798039Z,2a00:1450:400f:80d::200e,80
772,926e641be622,2022-11-27T10:19:12.965796Z,74.6.143.26,80
773,926e641be622,2022-11-27T10:19:13.134248Z,2001:4998:24:120d::1:1,80
774,926e641be622,2022-11-27T10:19:13.301991Z,98.137.11.164,80
775,926e641be622,2022-11-27T10:19:13.470543Z,2001:4998:44:3507::8000,80
776,6cb41ca9e91e,2022-11-27T10:30:29.510832Z,142.250.74.78,80
777,6cb41ca9e91e,2022-11-27T10:30:29.666355Z,2a00:1450:400f:802::200e,80
778,6cb41ca9e91e,2022-11-27T10:30:29.823153Z,74.6.143.26,80
779,6cb41ca9e91e,2022-11-27T10:30:29.978482Z,2001:4998:124:1507::f001,80
780,6cb41ca9e91e,2022-11-27T10:30:30.134384Z,5.255.255.77,80
781,6cb41ca9e91e,2022-11-27T10:30:30.290602Z,2001:4998:124:1507::f000,80
782,2ff72d27d112,2022-11-27T12:57:24.958174Z,142.250.74.78,80
783,2ff72d27d112,2022-11-27T12:57:25.114229Z,2a00:1450:400f:802::200e,80
784,2ff72d27d112,2022-11-27T12:57:25.270224Z,142.250.74.78,80
785,2ff72d27d112,2022-11-27T12:57:25.426139Z,2a00:1450:400f:802::200e,80
786,2ff72d27d112,2022-11-27T12:57:25.582359Z,74.6.143.25,80
787,2ff72d27d112,2022-11-27T12:57:25.738484Z,2001:4998:124:1507::f001,80
788,39739dc376b3,2022-11-27T13:32:23.666776Z,216.58.211.14,80
789,39739dc376b3,2022-11-27T13:32:23.834535Z,2a00:1450:400f:80d::200e,80
790,39739dc376b3,2022-11-27T13:32:24.002641Z,98.137.11.164,80
791,39739dc376b3,2022-11-27T13:32:24.171215Z,2001:4998:44:3507::8001,80
792,39739dc376b3,2022-11-27T13:32:24.342199Z,5.255.255.55,80
793,39739dc376b3,2022-11-27T13:32:24.510294Z,2001:4998:44:3507::8000,80
794,2defd12b0535,2022-11-27T13:33:55.383334Z,speedtest.tele2.net,80
795,b444eae9f79f,2022-11-27T14:22:37.103123Z,216.58.211.14,80
796,b444eae9f79f,2022-11-27T14:22:37.269652Z,2a00:1450:400f:80d::200e,80
797,b444eae9f79f,2022-11-27T14:22:37.437649Z,74.6.143.25,80
798,b444eae9f79f,2022-11-27T14:22:37.606216Z,2001:4998:24:120d::1:0,80
799,b444eae9f79f,2022-11-27T14:22:37.773849Z,74.6.231.20,80
800,b444eae9f79f,2022-11-27T14:22:37.941940Z,2001:4998:24:120d::1:0,80
801,146811d6d42a,2022-11-27T15:29:50.295727Z,speedtest.tele2.net,80
802,a3a35b5576f3,2022-11-27T15:48:47.720466Z,142.250.74.78,80
803,a3a35b5576f3,2022-11-27T15:48:47.873515Z,2a00:1450:400f:802::200e,80
804,a3a35b5576f3,2022-11-27T15:48:48.029824Z,142.250.74.78,80
805,a3a35b5576f3,2022-11-27T15:48:48.185992Z,2001:4998:24:120d::1:1,80
806,a3a35b5576f3,2022-11-27T15:48:48.341676Z,5.255.255.70,80
807,a3a35b5576f3,2022-11-27T15:48:48.498168Z,2001:4998:124:1507::f000,80
808,810bca0cfc7b,2022-11-27T17:13:40.257157Z,216.58.211.14,80
809,810bca0cfc7b,2022-11-27T17:13:40.426067Z,2a00:1450:400f:80d::200e,80
810,810bca0cfc7b,2022-11-27T17:13:40.594590Z,74.6.231.20,80
811,810bca0cfc7b,2022-11-27T17:13:40.762158Z,2a00:1450:400f:80d::200e,80
812,810bca0cfc7b,2022-11-27T17:13:40.930812Z,98.137.11.163,80
813,810bca0cfc7b,2022-11-27T17:13:41.098499Z,2a00:1450:400f:80d::200e,80
814,f4717d00c945,2022-11-27T17:33:10.401373Z,142.250.74.78,80
815,f4717d00c945,2022-11-27T17:33:10.557663Z,2a00:1450:400f:802::200e,80
816,f4717d00c945,2022-11-27T17:33:10.714560Z,74.6.231.20,80
817,f4717d00c945,2022-11-27T17:33:10.869747Z,2001:4998:24:120d::1:1,80
818,f4717d00c945,2022-11-27T17:33:11.025959Z,5.255.255.77,80
819,f4717d00c945,2022-11-27T17:33:11.181663Z,2001:4998:44:3507::8001,80
820,1f1320a63ef8,2022-11-27T18:50:34.313709Z,216.58.211.14,80
821,1f1320a63ef8,2022-11-27T18:50:34.482089Z,2a00:1450:400f:80d::200e,80
822,1f1320a63ef8,2022-11-27T18:50:34.649396Z,74.6.143.25,80
823,1f1320a63ef8,2022-11-27T18:50:34.813642Z,2001:4998:124:1507::f001,80
824,1f1320a63ef8,2022-11-27T18:50:34.982392Z,74.6.143.26,80
825,1f1320a63ef8,2022-11-27T18:50:35.149929Z,2a00:1450:400f:80d::200e,80
826,c730ee245698,2022-11-27T20:37:20.374137Z,142.250.74.78,80
827,c730ee245698,2022-11-27T20:37:20.530328Z,2a00:1450:400f:802::200e,80
828,c730ee245698,2022-11-27T20:37:20.688014Z,142.250.74.78,80
829,c730ee245698,2022-11-27T20:37:20.846474Z,2001:4998:24:120d::1:1,80
830,c730ee245698,2022-11-27T20:37:21.007954Z,98.137.11.164,80
831,c730ee245698,2022-11-27T20:37:21.166441Z,2001:4998:44:3507::8000,80
832,78a2d262295f,2022-11-28T00:33:43.658542Z,142.250.74.78,80
833,78a2d262295f,2022-11-28T00:33:43.815197Z,2a00:1450:400f:802::200e,80
834,78a2d262295f,2022-11-28T00:33:44.013757Z,74.6.231.21,80
835,78a2d262295f,2022-11-28T00:33:44.220255Z,2001:4998:124:1507::f001,80
836,78a2d262295f,2022-11-28T00:33:44.393060Z,77.88.55.88,80
837,78a2d262295f,2022-11-28T00:33:44.551153Z,2001:4998:124:1507::f001,80
838,e9adc3629ca3,2022-11-28T00:34:45.794291Z,142.250.74.78,80
839,e9adc3629ca3,2022-11-28T00:34:45.951082Z,2a00:1450:400f:802::200e,80
840,e9adc3629ca3,2022-11-28T00:34:46.106118Z,74.6.143.26,80
841,e9adc3629ca3,2022-11-28T00:34:46.262550Z,2001:4998:44:3507::8001,80
842,e9adc3629ca3,2022-11-28T00:34:46.418819Z,5.255.255.70,80
843,e9adc3629ca3,2022-11-28T00:34:46.574574Z,2001:4998:44:3507::8001,80
844,5453fa9b017e,2022-11-28T01:06:42.540952Z,216.58.211.14,80
845,5453fa9b017e,2022-11-28T01:06:42.705726Z,2a00:1450:400f:80d::200e,80
846,5453fa9b017e,2022-11-28T01:06:42.873777Z,216.58.211.14,80
847,5453fa9b017e,2022-11-28T01:06:43.042006Z,2001:4998:44:3507::8001,80
848,5453fa9b017e,2022-11-28T01:06:43.209970Z,74.6.231.21,80
849,5453fa9b017e,2022-11-28T01:06:43.377775Z,2001:4998:24:120d::1:0,80
850,b45b6f65caf3,2022-11-28T01:12:19.685220Z,216.58.211.14,80
851,b45b6f65caf3,2022-11-28T01:12:19.857899Z,2a00:1450:400f:80d::200e,80
852,b45b6f65caf3,2022-11-28T01:12:20.026044Z,74.6.143.26,80
853,b45b6f65caf3,2022-11-28T01:12:20.194620Z,2001:4998:124:1507::f001,80
854,b45b6f65caf3,2022-11-28T01:12:20.363285Z,5.255.255.60,80
855,b45b6f65caf3,2022-11-28T01:12:20.535785Z,2001:4998:44:3507::8000,80
856,e3e8f9e2dbdf,2022-11-28T03:52:45.434692Z,216.58.211.14,80
857,e3e8f9e2dbdf,2022-11-28T03:52:45.601596Z,2a00:1450:400f:80d::200e,80
858,e3e8f9e2dbdf,2022-11-28T03:52:45.769857Z,216.58.211.14,80
859,e3e8f9e2dbdf,2022-11-28T03:52:45.937776Z,2a00:1450:400f:80d::200e,80
860,e3e8f9e2dbdf,2022-11-28T03:52:46.105789Z,5.255.255.60,80
861,e3e8f9e2dbdf,2022-11-28T03:52:46.274575Z,2001:4998:24:120d::1:1,80
862,6083e5c4b789,2022-11-28T04:23:05.288425Z,216.58.211.14,80
863,6083e5c4b789,2022-11-28T04:23:05.448107Z,2a00:1450:400f:80d::200e,80
864,6083e5c4b789,2022-11-28T04:23:05.611974Z,74.6.143.26,80
865,6083e5c4b789,2022-11-28T04:23:05.771834Z,2001:4998:44:3507::8000,80
866,6083e5c4b789,2022-11-28T04:23:05.932367Z,74.6.143.26,80
867,6083e5c4b789,2022-11-28T04:23:06.091784Z,2001:4998:24:120d::1:1,80
868,4e20d32f2db2,2022-11-28T05:05:26.906706Z,142.250.74.78,80
869,4e20d32f2db2,2022-11-28T05:05:27.061257Z,2a00:1450:400f:802::200e,80
870,4e20d32f2db2,2022-11-28T05:05:27.213367Z,98.137.11.163,80
871,4e20d32f2db2,2022-11-28T05:05:27.369290Z,2001:4998:44:3507::8000,80
872,4e20d32f2db2,2022-11-28T05:05:27.521748Z,77.88.55.60,80
873,4e20d32f2db2,2022-11-28T05:05:27.677356Z,2001:4998:24:120d::1:1,80
874,b23fa3b9f6e6,2022-11-28T06:00:36.001543Z,142.250.74.78,80
875,b23fa3b9f6e6,2022-11-28T06:00:36.158247Z,2a00:1450:400f:802::200e,80
876,b23fa3b9f6e6,2022-11-28T06:00:36.314362Z,98.137.11.164,80
877,b23fa3b9f6e6,2022-11-28T06:00:36.470463Z,2001:4998:24:120d::1:1,80
878,b23fa3b9f6e6,2022-11-28T06:00:36.626894Z,5.255.255.77,80
879,b23fa3b9f6e6,2022-11-28T06:00:36.782538Z,2001:4998:124:1507::f000,80
880,a79361afc843,2022-11-28T06:44:29.786696Z,216.58.211.14,80
881,a79361afc843,2022-11-28T06:44:29.953367Z,2a00:1450:400f:80d::200e,80
882,a79361afc843,2022-11-28T06:44:30.117672Z,74.6.143.26,80
883,a79361afc843,2022-11-28T06:44:30.285429Z,2001:4998:124:1507::f000,80
884,a79361afc843,2022-11-28T06:44:30.454226Z,5.255.255.70,80
885,a79361afc843,2022-11-28T06:44:30.621460Z,2001:4998:24:120d::1:1,80
886,4244babbad06,2022-11-28T08:42:23.043915Z,142.250.74.78,80
887,4244babbad06,2022-11-28T08:42:23.198452Z,2a00:1450:400f:802::200e,80
888,4244babbad06,2022-11-28T08:42:23.354740Z,74.6.231.21,80
889,4244babbad06,2022-11-28T08:42:23.510740Z,2001:4998:124:1507::f001,80
890,4244babbad06,2022-11-28T08:42:23.666747Z,74.6.231.20,80
891,4244babbad06,2022-11-28T08:42:23.822923Z,2001:4998:44:3507::8000,80
892,0fa9564f2e88,2022-11-28T10:16:32.559134Z,142.250.74.78,80
893,0fa9564f2e88,2022-11-28T10:16:32.714786Z,2a00:1450:400f:802::200e,80
894,0fa9564f2e88,2022-11-28T10:16:32.870897Z,142.250.74.78,80
895,0fa9564f2e88,2022-11-28T10:16:33.030851Z,2001:4998:44:3507::8000,80
896,0fa9564f2e88,2022-11-28T10:16:33.186488Z,74.6.143.25,80
897,0fa9564f2e88,2022-11-28T10:16:33.342622Z,2001:4998:124:1507::f000,80
898,13de50b2617a,2022-11-28T10:20:41.228034Z,216.58.211.14,80
899,13de50b2617a,2022-11-28T10:20:41.394644Z,2a00:1450:400f:80d::200e,80
900,13de50b2617a,2022-11-28T10:20:41.562185Z,98.137.11.163,80
901,13de50b2617a,2022-11-28T10:20:41.729980Z,2001:4998:44:3507::8000,80
902,13de50b2617a,2022-11-28T10:20:41.897904Z,5.255.255.70,80
903,13de50b2617a,2022-11-28T10:20:42.066140Z,2001:4998:44:3507::8001,80
904,3bb847d02785,2022-11-28T13:14:31.235363Z,216.58.211.14,80
905,3bb847d02785,2022-11-28T13:14:31.401581Z,2a00:1450:400f:80d::200e,80
906,3bb847d02785,2022-11-28T13:14:31.569371Z,74.6.231.20,80
907,3bb847d02785,2022-11-28T13:14:31.737490Z,2001:4998:124:1507::f001,80
908,3bb847d02785,2022-11-28T13:14:31.905540Z,74.6.231.21,80
909,3bb847d02785,2022-11-28T13:14:32.073574Z,2001:4998:24:120d::1:1,80
910,cc7dafdcd226,2022-11-28T13:38:14.217425Z,216.58.211.14,80
911,cc7dafdcd226,2022-11-28T13:38:14.381748Z,2a00:1450:400f:80d::200e,80
912,cc7dafdcd226,2022-11-28T13:38:14.544913Z,74.6.143.25,80
913,cc7dafdcd226,2022-11-28T13:38:14.709222Z,2001:4998:24:120d::1:0,80
914,cc7dafdcd226,2022-11-28T13:38:14.873000Z,74.6.231.21,80
915,cc7dafdcd226,2022-11-28T13:38:15.037716Z,2001:4998:124:1507::f000,80
916,915446623047,2022-11-28T13:56:29.288230Z,142.250.74.78,80
917,915446623047,2022-11-28T13:56:29.442097Z,2a00:1450:400f:802::200e,80
918,915446623047,2022-11-28T13:56:29.598336Z,74.6.143.26,80
919,915446623047,2022-11-28T13:56:29.753874Z,2001:4998:124:1507::f000,80
920,915446623047,2022-11-28T13:56:29.909955Z,5.255.255.80,80
921,915446623047,2022-11-28T13:56:30.066689Z,2001:4998:24:120d::1:0,80
922,02ba11f7892b,2022-11-28T14:59:50.288977Z,142.250.74.78,80
923,02ba11f7892b,2022-11-28T14:59:50.442224Z,2a00:1450:400f:802::200e,80
924,02ba11f7892b,2022-11-28T14:59:50.597510Z,142.250.74.78,80
925,02ba11f7892b,2022-11-28T14:59:50.755353Z,2001:4998:44:3507::8001,80
926,02ba11f7892b,2022-11-28T14:59:50.910191Z,74.6.143.26,80
927,02ba11f7892b,2022-11-28T14:59:51.066845Z,2a00:1450:400f:802::200e,80
928,6feab1e72123,2022-11-28T15:59:10.726965Z,142.250.74.78,80
929,6feab1e72123,2022-11-28T15:59:10.882303Z,2a00:1450:400f:802::200e,80
930,6feab1e72123,2022-11-28T15:59:11.039118Z,142.250.74.78,80
931,6feab1e72123,2022-11-28T15:59:11.194517Z,2001:4998:124:1507::f000,80
932,6feab1e72123,2022-11-28T15:59:11.355296Z,74.6.143.26,80
933,6feab1e72123,2022-11-28T15:59:11.511101Z,2001:4998:124:1507::f001,80
934,b397b2060514,2022-11-28T17:38:50.470961Z,216.58.211.14,80
935,b397b2060514,2022-11-28T17:38:50.638058Z,2a00:1450:400f:80d::200e,80
936,b397b2060514,2022-11-28T17:38:50.805447Z,74.6.143.26,80
937,b397b2060514,2022-11-28T17:38:50.973968Z,2001:4998:24:120d::1:0,80
938,b397b2060514,2022-11-28T17:38:51.142653Z,77.88.55.50,80
939,b397b2060514,2022-11-28T17:38:51.309236Z,2001:4998:24:120d::1:1,80
940,2bb322b3f61f,2022-11-28T18:01:22.237843Z,142.250.74.78,80
941,2bb322b3f61f,2022-11-28T18:01:22.395007Z,2a00:1450:400f:802::200e,80
942,2bb322b3f61f,2022-11-28T18:01:22.550663Z,74.6.143.25,80
943,2bb322b3f61f,2022-11-28T18:01:22.706457Z,2001:4998:124:1507::f000,80
944,2bb322b3f61f,2022-11-28T18:01:22.862393Z,77.88.55.50,80
945,2bb322b3f61f,2022-11-28T18:01:23.018497Z,2001:4998:44:3507::8000,80
946,0a10b539dc5c,2022-11-28T19:01:49.704300Z,52.97.188.70,587
947,fe4fca48570c,2022-11-28T19:20:02.945391Z,52.97.188.70,587
948,f2c6be7446b0,2022-11-28T19:38:34.754961Z,216.58.211.14,80
949,f2c6be7446b0,2022-11-28T19:38:34.921389Z,2a00:1450:400f:80d::200e,80
950,f2c6be7446b0,2022-11-28T19:38:35.090070Z,74.6.143.25,80
951,f2c6be7446b0,2022-11-28T19:38:35.258326Z,2a00:1450:400f:80d::200e,80
952,f2c6be7446b0,2022-11-28T19:38:35.425718Z,74.6.143.26,80
953,f2c6be7446b0,2022-11-28T19:38:35.594024Z,2001:4998:24:120d::1:1,80
954,3ee32fbfbf8b,2022-11-28T19:56:10.092254Z,52.97.188.70,587
955,abd65576b3f6,2022-11-28T20:32:20.620369Z,52.97.188.70,587
956,dae7ec97c9fb,2022-11-28T20:50:10.121195Z,52.97.188.70,587
957,d9ce34814def,2022-11-28T20:55:29.026613Z,216.58.211.14,80
958,d9ce34814def,2022-11-28T20:55:29.193771Z,2a00:1450:400f:80d::200e,80
959,d9ce34814def,2022-11-28T20:55:29.362325Z,98.137.11.163,80
960,d9ce34814def,2022-11-28T20:55:29.530198Z,2001:4998:124:1507::f001,80
961,d9ce34814def,2022-11-28T20:55:29.698936Z,98.137.11.164,80
962,d9ce34814def,2022-11-28T20:55:29.866088Z,2001:4998:124:1507::f000,80
963,b1a6cc56b19b,2022-11-28T21:25:50.335336Z,52.97.188.70,587
964,48f97ed98f18,2022-11-28T21:52:13.698051Z,216.58.211.14,80
965,48f97ed98f18,2022-11-28T21:52:13.866046Z,2a00:1450:400f:80d::200e,80
966,48f97ed98f18,2022-11-28T21:52:14.034116Z,74.6.231.21,80
967,48f97ed98f18,2022-11-28T21:52:14.202110Z,2001:4998:124:1507::f000,80
968,48f97ed98f18,2022-11-28T21:52:14.370091Z,74.6.143.25,80
969,48f97ed98f18,2022-11-28T21:52:14.539114Z,2a02:6b8:a::a,80
970,1dc23073a46a,2022-11-28T23:08:25.272271Z,142.250.74.78,80
971,1dc23073a46a,2022-11-28T23:08:25.425649Z,2a00:1450:400f:802::200e,80
972,1dc23073a46a,2022-11-28T23:08:25.582892Z,74.6.231.21,80
973,1dc23073a46a,2022-11-28T23:08:25.737358Z,2001:4998:24:120d::1:0,80
974,1dc23073a46a,2022-11-28T23:08:25.894106Z,5.255.255.88,80
975,1dc23073a46a,2022-11-28T23:08:26.049462Z,2001:4998:124:1507::f000,80
976,d9eb98682aff,2022-11-28T23:10:28.663769Z,142.250.74.78,80
977,d9eb98682aff,2022-11-28T23:10:28.823320Z,2a00:1450:400f:802::200e,80
978,d9eb98682aff,2022-11-28T23:10:28.979554Z,142.250.74.78,80
979,d9eb98682aff,2022-11-28T23:10:29.138398Z,2001:4998:44:3507::8001,80
980,d9eb98682aff,2022-11-28T23:10:29.294994Z,77.88.55.55,80
981,d9eb98682aff,2022-11-28T23:10:29.450632Z,2001:4998:24:120d::1:0,80
982,ae51e9d208bd,2022-11-29T00:52:37.208604Z,speedtest.tele2.net,80
983,8e7f134cb714,2022-11-29T01:34:29.676517Z,216.58.211.14,80
984,8e7f134cb714,2022-11-29T01:34:29.841801Z,2a00:1450:400f:80d::200e,80
985,8e7f134cb714,2022-11-29T01:34:30.005225Z,74.6.143.25,80
986,8e7f134cb714,2022-11-29T01:34:30.169699Z,2001:4998:124:1507::f000,80
987,8e7f134cb714,2022-11-29T01:34:30.333036Z,74.6.231.21,80
988,8e7f134cb714,2022-11-29T01:34:30.497690Z,2001:4998:124:1507::f001,80
989,fff13348bc48,2022-11-29T02:45:34.458468Z,142.250.74.78,80
990,fff13348bc48,2022-11-29T02:45:34.613240Z,2a00:1450:400f:802::200e,80
991,fff13348bc48,2022-11-29T02:45:34.765841Z,98.137.11.163,80
992,fff13348bc48,2022-11-29T02:45:34.917037Z,2001:4998:124:1507::f000,80
993,fff13348bc48,2022-11-29T02:45:35.070106Z,74.6.143.25,80
994,fff13348bc48,2022-11-29T02:45:35.221326Z,2a02:6b8:a::a,80
995,dde1c80bb25e,2022-11-29T03:42:51.498983Z,142.250.74.78,80
996,dde1c80bb25e,2022-11-29T03:42:51.658484Z,2a00:1450:400f:802::200e,80
997,dde1c80bb25e,2022-11-29T03:42:51.814507Z,98.137.11.164,80
998,dde1c80bb25e,2022-11-29T03:42:51.970371Z,2001:4998:44:3507::8000,80
999,dde1c80bb25e,2022-11-29T03:42:52.126686Z,98.137.11.164,80
1000,dde1c80bb25e,2022-11-29T03:42:52.282290Z,2001:4998:44:3507::8000,80
1001,13940f6036cd,2022-11-29T04:33:38.408686Z,216.58.211.14,80
1002,13940f6036cd,2022-11-29T04:33:38.573736Z,2a00:1450:400f:80d::200e,80
1003,13940f6036cd,2022-11-29T04:33:38.742242Z,74.6.143.25,80
1004,13940f6036cd,2022-11-29T04:33:38.909486Z,2001:4998:44:3507::8001,80
1005,13940f6036cd,2022-11-29T04:33:39.077974Z,74.6.143.25,80
1006,13940f6036cd,2022-11-29T04:33:39.247190Z,2a00:1450:400f:80d::200e,80
1007,e984a2b64ae0,2022-11-29T05:03:24.851233Z,142.250.74.78,80
1008,e984a2b64ae0,2022-11-29T05:03:25.005681Z,2a00:1450:400f:802::200e,80
1009,e984a2b64ae0,2022-11-29T05:03:25.161508Z,74.6.231.20,80
1010,e984a2b64ae0,2022-11-29T05:03:25.317932Z,2001:4998:124:1507::f001,80
1011,e984a2b64ae0,2022-11-29T05:03:25.473721Z,74.6.231.21,80
1012,e984a2b64ae0,2022-11-29T05:03:25.629827Z,2001:4998:24:120d::1:1,80
1013,ee3d96fd9f0e,2022-11-29T06:12:05.307459Z,216.58.211.14,80
1014,ee3d96fd9f0e,2022-11-29T06:12:05.473194Z,2a00:1450:400f:80d::200e,80
1015,ee3d96fd9f0e,2022-11-29T06:12:05.636857Z,74.6.231.20,80
1016,ee3d96fd9f0e,2022-11-29T06:12:05.801439Z,2a00:1450:400f:80d::200e,80
1017,ee3d96fd9f0e,2022-11-29T06:12:05.969021Z,5.255.255.50,80
1018,ee3d96fd9f0e,2022-11-29T06:12:06.132751Z,2001:4998:24:120d::1:0,80
1019,3e4e8a6028aa,2022-11-29T06:53:29.078622Z,142.250.74.78,80
1020,3e4e8a6028aa,2022-11-29T06:53:29.234646Z,2a00:1450:400f:802::200e,80
1021,3e4e8a6028aa,2022-11-29T06:53:29.390666Z,74.6.231.21,80
1022,3e4e8a6028aa,2022-11-29T06:53:29.546693Z,2a00:1450:400f:802::200e,80
1023,3e4e8a6028aa,2022-11-29T06:53:29.702374Z,5.255.255.80,80
1024,3e4e8a6028aa,2022-11-29T06:53:29.858516Z,2001:4998:24:120d::1:1,80
1025,a44fa1a40c7e,2022-11-29T07:09:01.975191Z,216.58.211.14,80
1026,a44fa1a40c7e,2022-11-29T07:09:02.136560Z,2a00:1450:400f:80d::200e,80
1027,a44fa1a40c7e,2022-11-29T07:09:02.300680Z,98.137.11.163,80
1028,a44fa1a40c7e,2022-11-29T07:09:02.464807Z,2001:4998:24:120d::1:0,80
1029,a44fa1a40c7e,2022-11-29T07:09:02.628728Z,98.137.11.164,80
1030,a44fa1a40c7e,2022-11-29T07:09:02.792501Z,2001:4998:124:1507::f001,80
1031,bf26f017500f,2022-11-29T10:00:04.479704Z,216.58.211.14,80
1032,bf26f017500f,2022-11-29T10:00:04.646206Z,2a00:1450:400f:80d::200e,80
1033,bf26f017500f,2022-11-29T10:00:04.813917Z,74.6.231.21,80
1034,bf26f017500f,2022-11-29T10:00:04.981736Z,2a00:1450:400f:80d::200e,80
1035,bf26f017500f,2022-11-29T10:00:05.149982Z,74.6.143.26,80
1036,bf26f017500f,2022-11-29T10:00:05.318576Z,2a00:1450:400f:80d::200e,80
1037,abbec968460c,2022-11-29T10:52:37.468682Z,142.250.74.78,80
1038,abbec968460c,2022-11-29T10:52:37.626685Z,2a00:1450:400f:802::200e,80
1039,abbec968460c,2022-11-29T10:52:37.782397Z,142.250.74.78,80
1040,abbec968460c,2022-11-29T10:52:37.938518Z,2001:4998:24:120d::1:1,80
1041,abbec968460c,2022-11-29T10:52:38.094839Z,74.6.143.26,80
1042,abbec968460c,2022-11-29T10:52:38.255260Z,2001:4998:124:1507::f001,80
1043,2333299d6fa1,2022-11-29T13:39:33.141849Z,216.58.211.14,80
1044,2333299d6fa1,2022-11-29T13:39:33.305732Z,2a00:1450:400f:80d::200e,80
1045,2333299d6fa1,2022-11-29T13:39:33.473990Z,216.58.211.14,80
1046,2333299d6fa1,2022-11-29T13:39:33.637931Z,2001:4998:44:3507::8000,80
1047,2333299d6fa1,2022-11-29T13:39:33.807622Z,74.6.231.20,80
1048,2333299d6fa1,2022-11-29T13:39:33.973644Z,2001:4998:44:3507::8000,80
